# US cities with population >= 5,000.
# Derived from GeoNames cities5000 (https://www.geonames.org/), CC-BY 4.0.
city,state,latitude,longitude,population
New York City,NY,40.7143,-74.006,8804190
Los Angeles,CA,34.0522,-118.2437,3820914
Brooklyn,NY,40.6501,-73.9496,2736074
Chicago,IL,41.85,-87.65,2664452
Queens,NY,40.6815,-73.8365,2316841
Houston,TX,29.7633,-95.3633,2314157
Phoenix,AZ,33.4484,-112.074,1650070
Philadelphia,PA,39.9524,-75.1636,1573916
San Antonio,TX,29.4241,-98.4936,1526656
Manhattan,NY,40.7834,-73.9663,1487536
San Diego,CA,32.7157,-117.1647,1404452
The Bronx,NY,40.8499,-73.8664,1385108
Dallas,TX,32.7831,-96.8067,1326087
Jacksonville,FL,30.3322,-81.6556,1009833
Fort Worth,TX,32.7254,-97.3208,1008106
San Jose,CA,37.3394,-121.895,997368
Austin,TX,30.2672,-97.7431,974447
Columbus,OH,39.9612,-82.9988,913175
Charlotte,NC,35.2271,-80.8431,911311
Indianapolis,IN,39.7684,-86.158,887642
San Francisco,CA,37.7749,-122.4194,827526
Seattle,WA,47.6062,-122.3321,780995
Denver,CO,39.7392,-104.9847,729019
Washington,DC,38.8951,-77.0364,689545
Nashville,TN,36.1659,-86.7844,689447
Oklahoma City,OK,35.4676,-97.5164,681054
El Paso,TX,31.7587,-106.4869,678815
Boston,MA,42.3584,-71.0598,653833
Portland,OR,45.5234,-122.6762,652503
Detroit,MI,42.3314,-83.0457,645705
Las Vegas,NV,36.175,-115.1372,641903
New South Memphis,TN,35.0868,-90.0568,641608
Memphis,TN,35.1495,-90.049,633104
Louisville,KY,38.2542,-85.7594,624444
Baltimore,MD,39.2904,-76.6122,585708
South Boston,MA,42.3334,-71.0495,571281
Albuquerque,NM,35.0845,-106.6511,564559
Milwaukee,WI,43.0389,-87.9065,563531
Tucson,AZ,32.2217,-110.9265,542629
Fresno,CA,36.7477,-119.7724,542107
Sacramento,CA,38.5816,-121.4944,524943
Atlanta,GA,33.749,-84.388,510823
Miami,FL,25.7743,-80.1937,487014
Omaha,NE,41.2563,-95.9404,486051
Raleigh,NC,35.7721,-78.6386,482295
Kansas City,MO,39.0997,-94.5786,475378
Long Beach,CA,33.767,-118.1892,474140
Mesa,AZ,33.4223,-111.8226,471825
Staten Island,NY,40.5623,-74.1399,468730
Colorado Springs,CO,38.8339,-104.8214,456568
Virginia Beach,VA,36.8529,-75.978,454808
Oakland,CA,37.8044,-122.2708,419267
Tampa,FL,27.9475,-82.4584,414547
Tulsa,OK,36.154,-95.9928,413066
Minneapolis,MN,44.98,-93.2638,410939
Wichita,KS,37.6922,-97.3375,396119
Arlington,TX,32.7357,-97.1081,388125
Bakersfield,CA,35.3733,-119.0187,373640
Cleveland,OH,41.4995,-81.6954,365379
New Orleans,LA,29.9547,-90.0751,362701
Aurora,CO,39.7294,-104.8319,359407
Honolulu,HI,21.3069,-157.8583,350964
Anaheim,CA,33.8353,-117.9145,350742
West Raleigh,NC,35.7868,-78.6639,338759
Orlando,FL,28.5383,-81.3792,334854
Lexington,KY,37.9887,-84.4777,320347
Riverside,CA,33.9534,-117.3962,317261
Corpus Christi,TX,27.8006,-97.3964,316239
Lexington-Fayette,KY,38.0498,-84.4586,314488
Cincinnati,OH,39.1271,-84.5144,311097
Santa Ana,CA,33.7456,-117.8678,310227
Stockton,CA,37.9577,-121.2908,305658
Pittsburgh,PA,40.4406,-79.9959,304391
Saint Paul,MN,44.9444,-93.0933,303176
Lincoln,NE,40.8,-96.667,294757
Anchorage,AK,61.2181,-149.9003,289600
Meads,KY,38.4126,-82.7091,288649
Henderson,NV,36.0397,-114.9819,285667
Greensboro,NC,36.0726,-79.792,285342
Plano,TX,33.0198,-96.6989,283558
Newark,NJ,40.7357,-74.1724,281944
Madison,WI,43.0731,-89.4012,280305
St. Louis,MO,38.6273,-90.1979,279695
Chula Vista,CA,32.6401,-117.0842,265757
Toledo,OH,41.6639,-83.5552,265638
Jersey City,NJ,40.7282,-74.0776,264290
Reno,NV,39.5296,-119.8138,264165
Chandler,AZ,33.3062,-111.8413,260828
Fort Wayne,IN,41.1306,-85.1289,260326
Buffalo,NY,42.8865,-78.8784,258071
Durham,NC,35.994,-78.8986,257636
St. Petersburg,FL,27.7709,-82.6793,257083
Irvine,CA,33.6695,-117.8231,256927
Laredo,TX,27.5064,-99.5075,256153
Lubbock,TX,33.5779,-101.8552,249042
Gilbert,AZ,33.3528,-111.789,247542
Tri-Cities,WA,46.2454,-119.1962,244036
Winston-Salem,NC,36.0999,-80.2442,241218
Glendale,AZ,33.5386,-112.186,240126
Norfolk,VA,36.8468,-76.2852,238005
Hialeah,FL,25.8576,-80.2781,237069
Garland,TX,32.9126,-96.6389,236897
Scottsdale,AZ,33.5092,-111.899,236839
Irving,TX,32.814,-96.9489,236607
Boise,ID,43.6135,-116.2035,235684
Chesapeake,VA,36.819,-76.2749,235429
North Las Vegas,NV,36.1989,-115.1175,234807
Fremont,CA,37.5483,-121.9886,232206
Spokane,WA,47.6597,-117.4291,229447
Baton Rouge,LA,30.4433,-91.1875,227470
Upper West Side,NY,40.7871,-73.9754,226989
Richmond,VA,37.5538,-77.4603,226610
Paradise,NV,36.0972,-115.1467,223167
Tacoma,WA,47.2529,-122.4443,222906
Jamaica,NY,40.6915,-73.8057,216866
San Bernardino,CA,34.1083,-117.2898,216108
Salt Lake City,UT,40.7608,-111.8911,215548
Huntsville,AL,34.7304,-86.5859,215006
Des Moines,IA,41.6005,-93.6091,214133
Fontana,CA,34.0922,-117.4351,212704
Modesto,CA,37.6391,-120.9969,211266
Rochester,NY,43.1548,-77.6156,209802
Maryvale,AZ,33.502,-112.1776,208189
Arlington,VA,38.881,-77.1043,207627
Oxnard,CA,34.1975,-119.177,207254
Columbus,GA,32.461,-84.9877,206922
Worcester,MA,42.2626,-71.8023,206518
Moreno Valley,CA,33.9375,-117.2306,204198
Little Rock,AR,34.7465,-92.2896,202591
Fayetteville,NC,35.0527,-78.8784,201963
Huntington Beach,CA,33.6603,-117.9992,201899
Tallahassee,FL,30.4383,-84.2807,201731
Yonkers,NY,40.9304,-73.8979,201116
Glendale,CA,34.1425,-118.2551,201020
Cypress,TX,29.9691,-95.6972,200839
Aurora,IL,41.7606,-88.3201,200661
Amarillo,TX,35.222,-101.8313,198645
Akron,OH,41.0814,-81.519,197542
Vancouver,WA,45.6387,-122.6615,196442
Birmingham,AL,33.5207,-86.8025,196357
Montgomery,AL,32.3668,-86.3,195287
Grand Rapids,MI,42.9634,-85.6681,195097
Peoria,AZ,33.5806,-112.2374,190985
Providence,RI,41.824,-71.4128,190934
Knoxville,TN,35.9606,-83.9207,190740
Sunrise Manor,NV,36.2111,-115.0731,189372
Grand Prairie,TX,32.746,-96.9978,187809
Shreveport,LA,32.5251,-93.7502,187593
Brownsville,TX,25.9017,-97.4975,186738
Overland Park,KS,38.9822,-94.6708,186515
Newport News,VA,36.9804,-76.4297,186247
Mobile,AL,30.6944,-88.043,183289
Fort Lauderdale,FL,26.1223,-80.1434,183146
Santa Clarita,CA,34.3917,-118.5426,182371
Chattanooga,TN,35.0456,-85.3097,181099
East Flatbush,NY,40.6537,-73.9304,178464
Spring Valley,NV,36.108,-115.245,178395
Santa Rosa,CA,38.4405,-122.7144,178127
Eugene,OR,44.0521,-123.0867,176654
Tempe,AZ,33.4148,-111.9093,175826
Oceanside,CA,33.1959,-117.3795,175691
Salem,OR,44.9429,-123.0351,175535
Garden Grove,CA,33.7739,-117.9415,175393
Rancho Cucamonga,CA,34.1064,-117.5931,175236
Cape Coral,FL,26.5629,-81.9495,175229
East New York,NY,40.6668,-73.8824,173198
Sioux Falls,SD,43.5437,-96.728,171544
Ontario,CA,34.0633,-117.6509,171214
Fort Collins,CO,40.5853,-105.0844,170924
Springfield,MO,37.2153,-93.2982,170188
Hollywood,CA,34.0983,-118.3267,167664
Elk Grove,CA,38.4088,-121.3716,166913
Clarksville,TN,36.5298,-87.3594,166722
Pembroke Pines,FL,26.0032,-80.2239,166611
Deer Valley,AZ,33.6839,-112.1349,165656
Murfreesboro,TN,35.8456,-86.3903,165430
Port Saint Lucie,FL,27.2939,-80.3503,164603
Corona,CA,33.8753,-117.5664,164226
McKinney,TX,33.1976,-96.6153,162898
Lancaster,CA,34.698,-118.1367,161103
Cary,NC,35.7915,-78.7811,159769
Alexandria,VA,38.8048,-77.0469,159467
Tempe Junction,AZ,33.4142,-111.9435,158368
Palmdale,CA,34.5794,-118.1165,158351
Hayward,CA,37.6688,-122.0808,158289
Salinas,CA,36.6777,-121.6555,157380
Sunnyvale,CA,37.3688,-122.0363,155805
Frisco,TX,33.1507,-96.8236,154407
Springfield,MA,42.1015,-72.5898,154341
East Chattanooga,TN,35.0654,-85.2491,154024
Pasadena,TX,29.6911,-95.2091,153784
Jackson,MS,32.2988,-90.1848,153701
Pomona,CA,34.0553,-117.7523,153266
Kansas City,KS,39.1142,-94.6275,152933
Washington Heights,NY,40.8501,-73.9354,152613
Lakewood,CO,39.7047,-105.0814,152597
Escondido,CA,33.1192,-117.0864,151038
Astoria,NY,40.7721,-73.9301,150165
Hollywood,FL,26.0112,-80.1495,149728
Borough Park,NY,40.634,-73.9968,149248
Valencia,CA,34.4436,-118.6095,148456
Rockford,IL,42.2711,-89.094,148278
East Hampton,VA,37.0374,-76.3316,147993
Joliet,IL,41.5252,-88.0834,147861
Savannah,GA,32.0835,-81.0998,147780
Paterson,NJ,40.9168,-74.1718,147754
Bridgeport,CT,41.1792,-73.1894,147629
Naperville,IL,41.7859,-88.1473,147100
Gainesville,FL,29.6516,-82.3248,145214
Mesquite,TX,32.7668,-96.5992,144788
Syracuse,NY,43.0481,-76.1474,144142
Torrance,CA,33.8359,-118.3406,143592
Surprise,AZ,33.6306,-112.3332,143148
Metairie Terrace,LA,29.9785,-90.164,142489
Columbia,SC,34.0007,-81.0348,142416
Pasadena,CA,34.1478,-118.1445,142250
Orange,CA,33.7878,-117.8531,140992
Fullerton,CA,33.8703,-117.9253,140847
Killeen,TX,31.1171,-97.7278,140806
McAllen,TX,26.2034,-98.23,140269
Bellevue,WA,47.6104,-122.2007,139820
Metairie,LA,29.9841,-90.1529,138481
Hampton,VA,37.0299,-76.3452,137148
Miramar,FL,25.9873,-80.2323,137132
Van Nuys,CA,34.1867,-118.449,136443
West Valley City,UT,40.6916,-112.0011,136208
Dayton,OH,39.7589,-84.1916,135512
Olathe,KS,38.8814,-94.8191,134305
Warren,MI,42.4904,-83.013,134056
Thornton,CO,39.868,-104.9719,133451
Carrollton,TX,32.9537,-96.8903,133168
Charleston,SC,32.7763,-79.9327,132609
Midland,TX,31.9974,-102.0779,132524
Waco,TX,31.5493,-97.1467,132356
Sterling Heights,MI,42.5803,-83.0302,132052
Denton,TX,33.2148,-97.1331,131044
Cedar Rapids,IA,42.0083,-91.6441,130405
New Haven,CT,41.3081,-72.9282,130322
Roseville,CA,38.7521,-121.288,130269
Visalia,CA,36.3302,-119.2921,130104
Coral Springs,FL,26.2712,-80.2706,129485
Thousand Oaks,CA,34.1706,-118.8376,129339
Columbia,MO,38.9517,-92.3341,129330
Elizabeth,NJ,40.664,-74.2107,129007
Stamford,CT,41.0534,-73.5387,128874
Concord,CA,37.978,-122.0311,128667
Norman,OK,35.2226,-97.4395,128026
Alhambra,AZ,33.4984,-112.1343,127764
Athens,GA,33.9609,-83.3779,127315
Kent,WA,47.3809,-122.2348,126952
Simi Valley,CA,34.2694,-118.7815,126788
East Los Angeles,CA,34.0239,-118.172,126496
Santa Clara,CA,37.3541,-121.9552,126215
Sunset Park,NY,40.6455,-74.0124,126000
Topeka,KS,39.0483,-95.678,125963
Abilene,TX,32.4487,-99.7331,125182
Koreatown,CA,34.0578,-118.3009,124281
Sheepshead Bay,NY,40.5912,-73.9446,122534
Amherst,NY,42.9784,-78.7998,122366
Victorville,CA,34.5361,-117.2912,122225
Vallejo,CA,38.1041,-122.2566,121692
Lafayette,LA,30.2241,-92.0198,121374
Chico,CA,39.7285,-121.8375,121345
North Stamford,CT,41.1382,-73.5435,121230
Hartford,CT,41.7637,-72.6851,121054
Berkeley,CA,37.8716,-122.2728,120972
West Palm Beach,FL,26.7153,-80.0534,120932
Allentown,PA,40.6084,-75.4902,120207
Evansville,IN,37.9748,-87.5559,119943
Palm Bay,FL,28.0345,-80.5887,119760
Fargo,ND,46.8772,-96.7898,118523
Clearwater,FL,27.9658,-82.8001,117292
Independence,MO,39.0911,-94.4155,117255
Billings,MT,45.7833,-108.5007,117116
Ann Arbor,MI,42.2776,-83.7409,117070
El Monte,CA,34.0686,-118.0276,116732
Harlem,NY,40.8079,-73.9454,116345
Westminster,CO,39.8366,-105.0372,116317
Round Rock,TX,30.5083,-97.6789,115997
Wilmington,NC,34.2356,-77.946,115933
East Harlem,NY,40.7947,-73.9425,115921
Arvada,CO,39.8028,-105.0875,115368
Beaumont,TX,30.0861,-94.1018,115282
Provo,UT,40.2338,-111.6585,115162
Peoria,IL,40.6936,-89.589,115070
Carlsbad,CA,33.1581,-117.3506,114746
Odessa,TX,31.8457,-102.3676,114428
Springfield,IL,39.8017,-89.6437,114394
Downey,CA,33.94,-118.1326,114219
Elmhurst,NY,40.7365,-73.8779,113364
Costa Mesa,CA,33.6411,-117.9187,113204
Miami Gardens,FL,25.942,-80.2456,113187
North Peoria,IL,40.7175,-89.5843,113004
Fairfield,CA,38.2494,-122.04,112970
Lansing,MI,42.7325,-84.5555,112644
Bushwick,NY,40.6943,-73.9188,112620
Gravesend,NY,40.5976,-73.9651,112229
Rochester,MN,44.0216,-92.4699,112225
Elgin,IL,42.0373,-88.2812,112111
West Jordan,UT,40.6097,-111.9391,111946
Inglewood,CA,33.9617,-118.3531,111666
Tuscaloosa,AL,33.2098,-87.5692,111338
Richardson,TX,32.9482,-96.7297,110815
Lowell,MA,42.6334,-71.3162,110699
East Independence,MO,39.0956,-94.3552,110675
Gresham,OR,45.4982,-122.4315,110553
Antioch,CA,38.0049,-121.8058,110542
Cambridge,MA,42.3751,-71.1056,110402
High Point,NC,35.9557,-80.0053,110268
Manchester,NH,42.9956,-71.4548,110229
Temecula,CA,33.4936,-117.1484,110003
Murrieta,CA,33.5539,-117.2139,109830
Centennial,CO,39.5792,-104.8769,109741
Richmond,CA,37.9358,-122.3478,109708
Corona,NY,40.7471,-73.8601,109698
Pueblo,CO,38.2544,-104.6091,109412
Pearland,TX,29.5636,-95.2861,108821
Waterbury,CT,41.5581,-73.0515,108802
Greeley,CO,40.4233,-104.7091,108795
West Covina,CA,34.0686,-117.939,108484
Enterprise,NV,36.0252,-115.2419,108481
North Charleston,SC,32.8546,-79.9748,108304
Everett,WA,47.979,-122.2021,108010
College Station,TX,30.628,-96.3344,107889
Pompano Beach,FL,26.2379,-80.1248,107762
South Fulton,GA,33.5926,-84.6729,107436
Norwalk,CA,33.9022,-118.0817,107140
Boulder,CO,40.015,-105.2706,106803
Broken Arrow,OK,36.0526,-95.7908,106563
Daly City,CA,37.7058,-122.4619,106562
Sandy Springs,GA,33.9243,-84.3785,105330
Burbank,CA,34.1808,-118.309,105319
Green Bay,WI,44.5192,-88.0198,105207
Santa Maria,CA,34.953,-120.4357,105093
Universal City,CA,34.1389,-118.3534,105000
Wichita Falls,TX,33.9137,-98.4934,104710
Lakeland,FL,28.0395,-81.9498,104401
Clovis,CA,36.8252,-119.7029,104180
Lewisville,TX,33.0462,-96.9942,104039
Tyler,TX,32.3513,-95.3011,103700
El Cajon,CA,32.7948,-116.9625,103679
San Mateo,CA,37.563,-122.3255,103536
Brandon,FL,27.9378,-82.2859,103483
Rialto,CA,34.1064,-117.3703,103132
Davenport,IA,41.5236,-90.5776,102582
Edison,NJ,40.5187,-74.4121,102548
Hillsboro,OR,45.5229,-122.9898,102347
Las Cruces,NM,32.3123,-106.7783,101643
South Bend,IN,41.6834,-86.25,101516
Albany,NY,42.6526,-73.7562,101228
New Bedford,MA,41.6353,-70.927,101079
Vista,CA,33.2,-117.2425,100890
Davie,FL,26.0629,-80.2331,100882
Chinatown,CA,37.7966,-122.4086,100574
Renton,WA,47.4829,-122.2171,100242
Roanoke,VA,37.271,-79.9414,100011
San Angelo,TX,31.4638,-100.437,99893
Kenosha,WI,42.5847,-87.8212,99858
Clinton Township,MI,42.587,-82.9199,99753
Columbia,MD,39.2404,-76.8394,99615
Erie,PA,42.1292,-80.0851,99475
Portsmouth Heights,VA,36.821,-76.3688,99049
Richmond Hill,NY,40.6998,-73.8312,98984
Alief,TX,29.7111,-95.5963,98725
Spring Hill,FL,28.4769,-82.5255,98621
Compton,CA,33.8959,-118.2201,98462
League City,TX,29.5074,-95.0949,98312
Flint,MI,43.0125,-83.6875,98310
Allen,TX,33.1032,-96.6706,98143
Dorchester,MA,42.2973,-71.0745,97826
Mission Viejo,CA,33.6,-117.672,97156
Vacaville,CA,38.3566,-121.9877,96803
Ventura,CA,34.2783,-119.2932,96769
Highlands Ranch,CO,39.5539,-104.9694,96713
Lawton,OK,34.6087,-98.3903,96655
Beaverton,OR,45.4871,-122.8037,96577
South Gate,CA,33.9547,-118.212,96401
Portsmouth,VA,36.8354,-76.2983,96201
Sparks,NV,39.5349,-119.7527,96094
Yuma,AZ,32.7253,-114.6244,95548
Brockton,MA,42.0834,-71.0184,95314
Dearborn,MI,42.3223,-83.1763,95171
Federal Way,WA,47.3223,-122.3126,95171
Lee's Summit,MO,38.9108,-94.3822,95094
Asheville,NC,35.6009,-82.554,95056
Spokane Valley,WA,47.6732,-117.2394,94919
Fordham,NY,40.8593,-73.8985,94678
Livonia,MI,42.3684,-83.3527,94635
Roswell,GA,34.0232,-84.3616,94501
Orem,UT,40.2969,-111.6946,94457
Fall River,MA,41.7015,-71.1551,94000
Lawrence,KS,38.9717,-95.2352,93917
The Woodlands,TX,30.158,-95.4894,93847
West Albany,NY,42.6831,-73.7785,93794
Yakima,WA,46.6021,-120.5059,93701
Quincy,MA,42.2529,-71.0023,93618
Flatbush,NY,40.6521,-73.959,93361
Hesperia,CA,34.4264,-117.3009,93295
Carson,CA,33.8314,-118.282,93281
Boca Raton,FL,26.3587,-80.0831,93235
Santa Monica,CA,34.0195,-118.4914,93220
San Marcos,CA,33.1434,-117.1661,92931
Boyle Heights,CA,34.0339,-118.2053,92785
Plantation,FL,26.1342,-80.2318,92560
Lynn,MA,42.4668,-70.9495,92457
Miami Beach,FL,25.7906,-80.13,92312
Arden-Arcade,CA,38.6025,-121.3785,92186
Westminster,CA,33.7592,-118.0067,92114
Longmont,CO,40.1672,-105.1019,92088
Santa Barbara,CA,34.4208,-119.6982,91842
Redding,CA,40.5865,-122.3917,91582
Macon,GA,32.8407,-83.6324,91351
Meridian,ID,43.6121,-116.3915,90739
San Leandro,CA,37.7249,-122.1561,90712
Greenville,NC,35.6127,-77.3663,90597
Edmond,OK,35.6528,-97.4781,90092
Chinatown,NY,40.7165,-73.9963,90000
Nampa,ID,43.5407,-116.5635,89839
Trenton,NJ,40.2171,-74.7429,89620
Sandy Hills,UT,40.5811,-111.8508,89575
Newton,MA,42.337,-71.2092,88817
Toms River,NJ,39.9537,-74.1979,88791
Carmel,IN,39.9784,-86.118,88713
Norwalk,CT,41.1176,-73.4079,88485
Waukegan,IL,42.3636,-87.8448,88475
Deltona,FL,28.9005,-81.2637,88474
Hawthorne,CA,33.9164,-118.3526,88451
Fort Smith,AR,35.3859,-94.3986,88194
Suffolk,VA,36.7284,-76.585,88161
Sugar Land,TX,29.6197,-95.635,88156
Livermore,CA,37.6819,-121.768,88126
Nashua,NH,42.7654,-71.4676,87970
Reading,PA,40.3357,-75.9269,87879
Concord,NC,35.4089,-80.5816,87696
Indio,CA,33.7207,-116.2168,87533
Rio Rancho,NM,35.2334,-106.6645,87521
Enchanted Hills,NM,35.3368,-106.593,87521
Santa Fe,NM,35.687,-105.9378,87505
Sandy,UT,40.5916,-111.8841,87461
Whittier,CA,33.9792,-118.0328,87438
Canarsie,NY,40.6437,-73.9007,87366
Kirkland,WA,47.6815,-122.2087,87281
Menifee,CA,33.7283,-117.1464,87174
Newport Beach,CA,33.6189,-117.929,87127
Tracy,CA,37.7399,-121.4262,87075
Citrus Heights,CA,38.7071,-121.2811,87056
Bend,OR,44.0582,-121.3153,87014
Canton,MI,42.3087,-83.4822,86825
Lehigh Acres,FL,26.6254,-81.6248,86784
Greenburgh,NY,41.0329,-73.8429,86764
Bloomington,MN,44.8408,-93.2983,86435
West Town,IL,41.8938,-87.6749,86429
Germantown,MD,39.1732,-77.2716,86395
Clifton,NJ,40.8584,-74.1638,86334
Duluth,MN,46.7833,-92.1066,86110
Champaign,IL,40.1164,-88.2434,86096
Near North Side,IL,41.9,-87.6345,85711
Chino,CA,34.0122,-117.6889,85595
Alhambra,CA,34.0953,-118.127,85551
Ogden,UT,41.223,-111.9738,85444
Redwood City,CA,37.4852,-122.2364,85288
Bellingham,WA,48.7595,-122.4882,85146
O'Fallon,MO,38.8106,-90.6998,85040
Hoover,AL,33.4054,-86.8114,84848
Melbourne,FL,28.0836,-80.6081,84678
Danbury,CT,41.3948,-73.454,84657
East Norwalk,CT,41.1056,-73.3984,84530
Edinburg,TX,26.3017,-98.1633,84497
Sunrise,FL,26.134,-80.1131,84439
Bloomington,IN,39.1653,-86.5264,84067
Cicero,IL,41.8456,-87.7539,83886
Hemet,CA,33.7476,-116.9731,83861
San Pedro,CA,33.7358,-118.2923,83556
Ahwatukee Foothills,AZ,33.3417,-111.984,83464
Johns Creek,GA,34.0289,-84.1986,83335
Mission,TX,26.2159,-98.3253,83298
Troy,MI,42.6056,-83.1499,83280
Buena Park,CA,33.8675,-117.9981,83270
Mid-City,CA,34.0413,-118.3606,83000
Palm Coast,FL,29.585,-81.2078,82893
Fayetteville,AR,36.0626,-94.1574,82830
Sioux City,IA,42.5,-96.4003,82821
Lake Forest,CA,33.647,-117.6892,82492
Merced,CA,37.3022,-120.483,82436
Longview,TX,32.5007,-94.7405,82287
Bryan,TX,30.6744,-96.37,82118
Westland,MI,42.3242,-83.4002,82000
Warwick,RI,41.7001,-71.4162,81699
Lakewood,CA,33.8536,-118.134,81611
Farmington Hills,MI,42.4853,-83.3772,81330
San Tan Valley,AZ,33.1911,-111.528,81321
Mount Pleasant,SC,32.7941,-79.8626,81317
Cranston,RI,41.7798,-71.4373,81073
Largo,FL,27.9098,-82.7884,81000
Homestead,FL,25.4687,-80.4776,80737
South Suffolk,VA,36.7171,-76.5902,80690
Avondale,AZ,33.4356,-112.3496,80684
Tustin,CA,33.7458,-117.8262,80583
Mountain View,CA,37.386,-122.0838,80435
Napa,CA,38.2971,-122.2855,80434
Somerville,MA,42.3876,-71.0995,80318
Kendall,FL,25.6793,-80.3173,80241
Lawrence,MA,42.707,-71.1631,80231
Parma,OH,41.4048,-81.7229,79937
New Rochelle,NY,40.9115,-73.7823,79846
Lynchburg,VA,37.4138,-79.1423,79812
Medford,OR,42.3265,-122.8756,79805
Deerfield Beach,FL,26.3184,-80.0998,79768
Sylmar,CA,34.3078,-118.4493,79614
Pleasanton,CA,37.6624,-121.8747,79510
Belmont Cragin,IL,41.9317,-87.7687,79159
Brooklyn Park,MN,45.0941,-93.3563,79149
Goodyear,AZ,33.4353,-112.3582,79003
Kennewick,WA,46.2112,-119.1372,78896
Alameda,CA,37.771,-122.2609,78630
Town 'n' Country,FL,28.0106,-82.5773,78442
Bellflower,CA,33.8817,-118.117,78441
Chino Hills,CA,33.9938,-117.7589,78309
Bloomington,IL,40.4842,-88.9937,78292
Alafaya,FL,28.5641,-81.2114,78113
Springdale,AR,36.1867,-94.1288,77859
Racine,WI,42.7261,-87.7828,77742
Hammond,IN,41.5834,-87.5,77614
Milpitas,CA,37.4283,-121.9066,77604
Gary,IN,41.5934,-87.3464,77156
Scranton,PA,41.4092,-75.6649,77118
Baldwin Park,CA,34.0853,-117.9609,77071
Auburn,WA,47.3073,-122.2284,77006
Fishers,IN,39.9556,-86.0139,76794
Saint Joseph,MO,39.7686,-94.8466,76780
Pharr,TX,26.1948,-98.1836,76538
Upland,CA,34.0975,-117.6484,76443
Folsom,CA,38.678,-121.1761,76375
Baytown,TX,29.7355,-94.9774,76335
San Ramon,CA,37.7799,-121.978,76134
Camden,NJ,39.926,-75.1196,76119
Lake Charles,LA,30.2131,-93.2044,76070
Kalamazoo,MI,42.2917,-85.5872,76041
Brick,NJ,40.0593,-74.1371,76021
Arlington Heights,IL,42.0884,-87.9806,75926
Plymouth,MN,45.0105,-93.4555,75907
South Ozone Park,NY,40.6701,-73.819,75878
Doral,FL,25.8195,-80.3553,75874
Waterford,MI,42.693,-83.4118,75737
Evanston,IL,42.0411,-87.6901,75527
Manteca,CA,37.7974,-121.216,75448
Wyoming,MI,42.9134,-85.7053,75275
Loveland,CO,40.3978,-105.075,75182
Cheektowaga,NY,42.9034,-78.7548,75178
Kings Bridge,NY,40.8787,-73.9051,75132
Bismarck,ND,46.8083,-100.7837,75092
Perris,CA,33.7825,-117.2287,74971
Bethlehem,PA,40.6259,-75.3705,74892
Albany,GA,31.5785,-84.1557,74843
Schaumburg,IL,42.0334,-88.0834,74693
Gastonia,NC,35.2621,-81.1873,74543
Brownsville,NY,40.6609,-73.9201,74497
Union City,CA,37.5958,-122.0191,74494
Bolingbrook,IL,41.6986,-88.0684,74306
Iowa City,IA,41.6611,-91.5302,74220
Layton,UT,41.0602,-111.9711,74143
Missouri City,TX,29.6186,-95.5377,74139
Appleton,WI,44.2619,-88.4154,74139
Shelby,MI,42.6709,-83.033,74099
Fort Myers,FL,26.6217,-81.8406,74013
Boynton Beach,FL,26.5253,-80.0664,73966
Jonesboro,AR,35.8423,-90.7043,73907
South Lawndale,IL,41.8436,-87.7125,73826
Logan Square,IL,41.9234,-87.6992,73702
Rapid City,SD,44.0805,-103.231,73569
Warner Robins,GA,32.6157,-83.6266,73490
Rochester Hills,MI,42.6584,-83.1499,73424
Decatur,IL,39.8403,-88.9548,73254
Southfield,MI,42.4734,-83.2219,73156
Saint George,UT,37.1041,-113.5841,72897
New Britain,CT,41.6612,-72.7795,72808
Daytona Beach,FL,29.2108,-81.0228,72647
Franklin,TN,35.9251,-86.8689,72639
Turlock,CA,37.4947,-120.8466,72292
Temple,TX,31.0982,-97.3428,72277
West Ridge,IL,41.9997,-87.6928,72211
Apple Valley,CA,34.5008,-117.1859,72174
Lynwood,CA,33.9303,-118.2115,71989
Waukesha,WI,43.0117,-88.2315,71970
Canton,OH,40.7989,-81.3785,71885
Gulfport,MS,30.3674,-89.0928,71856
Pawtucket,RI,41.8787,-71.3826,71591
Lauderhill,FL,26.1404,-80.2134,71579
Rock Hill,SC,34.9249,-81.0251,71548
Silver Spring,MD,38.9907,-77.0261,71452
West Gulfport,MS,30.4041,-89.0942,71329
Flower Mound,TX,33.0146,-97.097,71253
Centreville,VA,38.8404,-77.4289,71135
Lafayette,IN,40.4167,-86.8753,71111
Passaic,NJ,40.8568,-74.1285,71085
Riverview,FL,27.8661,-82.3265,71050
Redlands,CA,34.0556,-117.1825,71035
Missoula,MT,46.8721,-113.994,71022
Rancho Cordova,CA,38.5891,-121.3027,71017
Wilmington,DE,39.746,-75.5466,70898
New Braunfels,TX,29.703,-98.1244,70543
Cherry Hill,NJ,39.9348,-75.0307,70475
Flagstaff,AZ,35.1981,-111.6513,70320
Muncie,IN,40.1934,-85.3864,70087
Mira Mesa,CA,32.9156,-117.1439,70000
Woodland Hills,CA,34.1683,-118.6059,70000
Weston,FL,26.1004,-80.3998,69959
Frederick,MD,39.4143,-77.4105,69479
Pasco,WA,46.2396,-119.1006,69451
Pittsburg,CA,38.028,-121.8847,69424
Ridgewood,NY,40.7001,-73.9057,69317
Palatine,IL,42.1103,-88.0342,69308
North Richland Hills,TX,32.8343,-97.2289,69204
Union City,NJ,40.7796,-74.0238,69156
Kissimmee,FL,28.3047,-81.4167,69152
Walnut Creek,CA,37.9063,-122.065,68910
Cordova,TN,35.1557,-89.7762,68779
Mount Vernon,NY,40.9126,-73.8371,68628
Conroe,TX,30.3119,-95.4561,68602
Dothan,AL,31.2232,-85.3905,68567
Northridge,CA,34.2283,-118.5367,68469
Waterloo,IA,42.4928,-92.343,68460
Maple Grove,MN,45.0725,-93.4558,68385
Framingham,MA,42.2793,-71.4162,68318
Redondo Beach,CA,33.8492,-118.3884,68166
Bossier City,LA,32.516,-93.7321,68094
Yorba Linda,CA,33.8886,-117.8131,67973
Woodbury,MN,44.9239,-92.9594,67855
Eau Claire,WI,44.8113,-91.4985,67778
Waldorf,MD,38.6246,-76.9391,67752
Forest Hills,NY,40.7162,-73.8501,67714
Davis,CA,38.5449,-121.7405,67666
Glen Burnie,MD,39.1626,-76.6247,67639
Camarillo,CA,34.2164,-119.0376,67608
Victoria,TX,28.8053,-97.0036,67574
Gaithersburg,MD,39.1434,-77.2014,67456
Jacksonville,NC,34.754,-77.4302,67357
South San Francisco,CA,37.6547,-122.4077,67271
Kenner,LA,29.9941,-90.2417,67091
Jackson Heights,NY,40.7557,-73.8854,67067
Rockville,MD,39.084,-77.1528,66980
Jackson,TN,35.6145,-88.814,66975
Lincoln Park,IL,41.9217,-87.6478,66959
Yuba City,CA,39.1405,-121.6169,66941
Portland,ME,43.6574,-70.2589,66881
Palo Alto,CA,37.4419,-122.143,66853
Casas Adobes,AZ,32.3234,-110.9951,66795
Marysville,WA,48.0518,-122.1771,66773
South Jordan,UT,40.5622,-111.9297,66648
Oshkosh,WI,44.0247,-88.5426,66555
North Little Rock,AR,34.7695,-92.2671,66504
Bayside,NY,40.7684,-73.7771,66455
Bayonne,NJ,40.6687,-74.1143,66311
Eagan,MN,44.8041,-93.1669,66286
Delray Beach,FL,26.4615,-80.0728,66255
Johnson City,TN,36.3134,-82.3535,66027
Dale City,VA,38.6371,-77.3111,65969
Cedar Park,TX,30.5052,-97.8203,65945
Parkchester,NY,40.839,-73.8604,65876
Atascocita,TX,29.9988,-95.1766,65844
Saint Cloud,MN,45.5608,-94.1625,65842
Ellicott City,MD,39.2673,-76.7983,65834
Laguna Niguel,CA,33.5225,-117.7075,65806
Saint Charles,MO,38.7839,-90.4812,65794
Harlingen,TX,26.1906,-97.6961,65774
San Clemente,CA,33.427,-117.612,65526
West Lynchburg,VA,37.4032,-79.1781,65517
Middletown,NJ,40.3943,-74.1171,65490
Framingham Center,MA,42.2973,-71.437,65413
Schenectady,NY,42.8142,-73.9396,65305
Cheyenne,WY,41.14,-104.8203,65132
Broomfield,CO,39.9205,-105.0867,65065
Ames,IA,42.0347,-93.6199,65060
Park Slope,NY,40.6701,-73.986,65047
Shawnee,KS,39.0417,-94.7202,65046
Reseda,CA,34.2011,-118.5365,65000
Conway,AR,35.0887,-92.4421,64980
East Orange,NJ,40.7673,-74.2049,64949
Portage Park,IL,41.9578,-87.7651,64841
Skokie,IL,42.0334,-87.7334,64821
West Bloomfield Township,MI,42.5689,-83.3836,64690
Tamarac,FL,26.2129,-80.2498,64681
Youngstown,OH,41.0998,-80.6495,64628
Lodi,CA,38.1302,-121.2725,64596
North Hollywood,CA,34.1722,-118.379,64587
Greenville,SC,34.8526,-82.394,64579
Celina,TX,33.3246,-96.7844,64427
Mansfield,TX,32.5632,-97.1417,64274
Santa Cruz,CA,36.9741,-122.0308,64220
Pico Rivera,CA,33.9831,-118.0967,64218
Madera,CA,36.9613,-120.0607,64208
Janesville,WI,42.6828,-89.0187,64123
West Des Moines,IA,41.5772,-93.7113,64113
Montebello,CA,34.0095,-118.1054,63921
Georgetown,TX,30.6327,-97.6772,63716
Alpharetta,GA,34.0754,-84.2941,63693
Lorain,OH,41.4528,-82.1824,63647
Bowling Green,KY,36.9903,-86.4436,63616
Flatlands,NY,40.6212,-73.9349,63601
Dundalk,MD,39.2507,-76.5205,63597
Eden Prairie,MN,44.8547,-93.4708,63496
North Bergen,NJ,40.8043,-74.0121,63484
Florence-Graham,CA,33.9677,-118.2444,63387
Waltham,MA,42.3765,-71.2356,63378
West Hartford,CT,41.762,-72.742,63268
Rogers,AR,36.332,-94.1185,63159
Carol City,FL,25.9407,-80.2456,63031
Encinitas,CA,33.037,-117.292,62930
East Village,NY,40.7293,-73.9874,62832
Haverhill,MA,42.7762,-71.0773,62765
Jupiter,FL,26.9342,-80.0942,62707
Council Bluffs,IA,41.2619,-95.8608,62597
Wellington,FL,26.6587,-80.2414,62560
West Coon Rapids,MN,45.1597,-93.3497,62528
North Miami,FL,25.8901,-80.1867,62435
Hamilton,OH,39.3995,-84.5613,62407
North Port,FL,27.0442,-82.2359,62345
Tulare,CA,36.2077,-119.3473,62315
Coon Rapids,MN,45.12,-93.2877,62240
Millcreek,UT,40.6869,-111.8755,62139
La Habra,CA,33.932,-117.9462,62131
Blaine,MN,45.1608,-93.2349,62124
Auburn,AL,32.6099,-85.4808,62059
Lake Elsinore,CA,33.6681,-117.3273,61981
Carmichael,CA,38.6171,-121.3283,61762
Taylor,MI,42.2409,-83.2696,61568
Burnsville,MN,44.7677,-93.2777,61481
Monterey Park,CA,34.0625,-118.1228,61468
Castro Valley,CA,37.6941,-122.0863,61388
Irvington,NJ,40.7323,-74.2349,61323
Rocklin,CA,38.7907,-121.2358,61213
Utica,NY,43.1009,-75.2327,61100
Malden,MA,42.4251,-71.0662,61068
National City,CA,32.6781,-117.0992,61060
Financial District,NY,40.7079,-74.0086,60976
Springfield,OR,44.0462,-123.022,60870
Bethesda,MD,38.9807,-77.1003,60858
Terre Haute,IN,39.4667,-87.4139,60825
Vineland,NJ,39.4862,-75.0257,60818
West Hollywood,FL,26.0206,-80.1839,60806
San Marcos,TX,29.8833,-97.9414,60684
Brentwood,NY,40.7812,-73.2462,60664
Lakeville,MN,44.6497,-93.2427,60633
West Allis,WI,43.0167,-88.007,60620
Redmond,WA,47.674,-122.1215,60598
Canoga Park,CA,34.2011,-118.5981,60578
Cupertino,CA,37.323,-122.0322,60572
Taylorsville,UT,40.6677,-111.9388,60514
Bristol,CT,41.6718,-72.9493,60452
Moore,OK,35.3395,-97.4867,60451
Gardena,CA,33.8884,-118.309,60447
Petaluma,CA,38.2324,-122.6367,60438
Bensalem,PA,40.1046,-74.9513,60427
Grand Junction,CO,39.0639,-108.5507,60358
Casper,WY,42.8666,-106.3131,60285
Rowlett,TX,32.9029,-96.5639,60236
La Mesa,CA,32.7678,-117.0231,60089
Pine Hills,FL,28.5578,-81.4534,60076
Bensonhurst,NY,40.6018,-73.994,60000
Coney Island,NY,40.5779,-73.994,60000
Rancho Penasquitos,CA,32.9595,-117.1153,60000
Valley Glen,CA,34.1857,-118.4203,60000
Meriden,CT,41.5382,-72.807,59988
Pontiac,MI,42.6389,-83.291,59917
Port Orange,FL,29.1383,-80.9956,59866
Hamden,CT,41.3959,-72.8968,59847
Lakewood,WA,47.1718,-122.5185,59829
Fountainebleau,FL,25.7729,-80.3478,59764
Saint Clair Shores,MI,42.497,-82.8888,59715
Springfield,OH,39.9242,-83.8088,59680
Great Falls,MT,47.5002,-111.3008,59638
Chapel Hill,NC,35.9132,-79.0558,59568
Canyon Country,CA,34.4233,-118.472,59530
Huntington Park,CA,33.9817,-118.2251,59430
Lancaster,PA,40.0379,-76.3055,59339
Coconut Creek,FL,26.2518,-80.1789,59302
Leander,TX,30.5788,-97.8531,59202
Idaho Falls,ID,43.4666,-112.0341,59184
San Rafael,CA,37.9735,-122.5311,59162
Noblesville,IN,40.0456,-86.0086,59093
Marietta,GA,33.9526,-84.5499,59067
Fairfield,CT,41.1412,-73.2637,59052
Owensboro,KY,37.7742,-87.1133,59042
Eastvale,CA,33.9636,-117.5642,59039
Royal Oak,MI,42.4895,-83.1446,59008
Brentwood,CA,37.9319,-121.6958,58968
Dubuque,IA,42.5006,-90.6646,58799
Brookline,MA,42.3318,-71.1212,58732
Novi,MI,42.4806,-83.4755,58723
Des Plaines,IL,42.0334,-87.8834,58677
Carson City,NV,39.1638,-119.7674,58639
Orland Park,IL,41.6303,-87.8539,58619
Bartlett,TN,35.2045,-89.874,58579
Woodland,CA,38.6785,-121.7733,58567
Lehi,UT,40.3916,-111.8508,58486
White Plains,NY,41.034,-73.7629,58459
Arcadia,CA,34.1397,-118.0353,58408
Reston,VA,38.9687,-77.3411,58404
Ocala,FL,29.1872,-82.1401,58218
Clay,NY,43.1859,-76.1724,58206
Central City,AZ,33.44,-112.058,58161
South Vineland,NJ,39.446,-75.0288,58122
Sanford,FL,28.8006,-81.2731,58111
Bowie,MD,38.9428,-76.7303,58025
Kokomo,IN,40.4864,-86.1336,57995
Wayne,NJ,40.9254,-74.2765,57915
Santee,CA,32.8384,-116.9739,57787
Dublin,CA,37.7022,-121.9358,57721
Palm Harbor,FL,28.0781,-82.7637,57439
Medford,MA,42.4184,-71.1062,57403
Midwest City,OK,35.4495,-97.3967,57249
Center City,PA,39.9512,-75.1592,57239
Margate,FL,26.2445,-80.2064,57234
South Whittier,CA,33.9502,-118.0392,57156
Tinley Park,IL,41.5734,-87.7845,57143
Pflugerville,TX,30.4394,-97.62,57122
New Brunswick,NJ,40.4862,-74.4518,57035
Grand Forks,ND,47.9253,-97.0328,57011
Fountain Valley,CA,33.7092,-117.9537,56987
North Hills,CA,34.2364,-118.4847,56946
Diamond Bar,CA,34.0286,-117.8103,56897
Taunton,MA,41.9001,-71.0898,56789
Oak Lawn,IL,41.7109,-87.7581,56781
Union,NJ,40.6976,-74.2632,56771
Ankeny,IA,41.7297,-93.6058,56764
Chicopee,MA,42.1487,-72.6079,56741
Irving Park,IL,41.9534,-87.7365,56520
Berwyn,IL,41.8506,-87.7937,56368
Manhattan,KS,39.1836,-96.5717,56308
Kendale Lakes,FL,25.7082,-80.407,56148
Smyrna,GA,33.884,-84.5144,56146
Dearborn Heights,MI,42.337,-83.2733,56145
Porterville,CA,36.0652,-119.0168,56058
Piscataway,NJ,40.4993,-74.399,56044
Hendersonville,TN,36.3048,-86.62,56018
Morningside Heights,NY,40.81,-73.9625,55929
Rocky Mount,NC,35.9382,-77.7905,55806
Corvallis,OR,44.5646,-123.262,55780
Olympia,WA,47.0449,-122.9017,55733
Valdosta,GA,30.8333,-83.2803,55724
Hanford,CA,36.3274,-119.6457,55659
Castle Rock,CO,39.3722,-104.8561,55591
Greenwood,IN,39.6137,-86.1067,55586
Chicago Lawn,IL,41.775,-87.6964,55551
Hempstead,NY,40.7062,-73.6187,55547
Novato,CA,38.1074,-122.5697,55530
Kettering,OH,39.6895,-84.1688,55525
Bellevue,NE,41.1367,-95.8908,55510
Shoreline,WA,47.7557,-122.3415,55439
Decatur,AL,34.6059,-86.9833,55437
Paramount,CA,33.8895,-118.1598,55412
Port Arthur,TX,29.8852,-93.9423,55340
Abington,PA,40.1207,-75.1179,55310
Anderson,IN,40.1053,-85.6803,55305
Tamiami,FL,25.7587,-80.3984,55271
Towson,MD,39.4015,-76.6019,55197
North Chicopee,MA,42.1834,-72.5995,55179
Uptown,IL,41.9659,-87.6526,55137
Sarasota,FL,27.3364,-82.5306,55118
Cypress Hills,NY,40.6771,-73.8912,54944
West Haven,CT,41.2707,-72.9471,54927
Rosemead,CA,34.0806,-118.0729,54908
Edgewater,IL,41.9834,-87.6639,54873
Jackson,NJ,39.7765,-74.8624,54856
Highland,CA,34.1283,-117.2087,54854
Mount Prospect,IL,42.0664,-87.9373,54747
Colton,CA,34.0739,-117.3136,54621
Encanto,AZ,33.4794,-112.0782,54614
Pocatello,ID,42.8713,-112.4455,54441
Bradenton,FL,27.4989,-82.5748,54437
Rogers Park,IL,42.0086,-87.6667,54402
Weymouth,MA,42.2209,-70.9398,54395
Port Charlotte,FL,26.9762,-82.0906,54392
Normal,IL,40.5142,-88.9906,54373
Spring,TX,30.0799,-95.4172,54298
Allapattah,FL,25.8145,-80.2239,54289
Richland,WA,46.2857,-119.2845,54248
Euless,TX,32.8371,-97.082,54219
Blue Springs,MO,39.017,-94.2816,54148
East Pensacola Heights,FL,30.4288,-87.18,54104
Hacienda Heights,CA,33.9931,-117.9687,54038
Ozone Park,NY,40.6768,-73.8438,53985
Briarwood,NY,40.7094,-73.8153,53877
Cathedral City,CA,33.7797,-116.4653,53826
Lakewood,NJ,40.0979,-74.2176,53805
Elyria,OH,41.3684,-82.1077,53775
Pensacola,FL,30.4213,-87.2169,53724
Wheaton,IL,41.8661,-88.107,53715
Commerce City,CO,39.8083,-104.9339,53696
Hoboken,NJ,40.744,-74.0324,53635
Watsonville,CA,36.9102,-121.7569,53628
Lake Havasu City,AZ,34.4839,-114.3225,53553
Little Havana,FL,25.7681,-80.2331,53430
Revere,MA,42.4084,-71.012,53422
West New York,NJ,40.7879,-74.0143,53366
Yucaipa,CA,34.0336,-117.0431,53328
Gilroy,CA,37.0058,-121.5683,53231
Poinciana,FL,28.1403,-81.4584,53193
University of Texas,TX,30.286,-97.7389,53082
Kingsport,TN,36.5484,-82.5618,53014
Levittown,PA,40.1551,-74.8288,52983
Palm Beach Gardens,FL,26.8234,-80.1386,52923
Milford,CT,41.2223,-73.0565,52759
Delano,CA,35.7688,-119.2471,52733
West Sacramento,CA,38.5805,-121.5302,52721
Huntersville,NC,35.4107,-80.8428,52704
Perth Amboy,NJ,40.5068,-74.2654,52682
Sherman Oaks,CA,34.1511,-118.4493,52677
Southaven,MS,34.989,-90.0126,52589
Saint Peters,MO,38.8003,-90.6265,52575
Downtown DC,DC,38.8935,-77.0199,52560
Harrisonburg,VA,38.4496,-78.8689,52538
Peabody,MA,42.5279,-70.9287,52504
Placentia,CA,33.8722,-117.8703,52495
Lenexa,KS,38.9536,-94.7336,52490
DeSoto,TX,32.5899,-96.8569,52486
Burlington,NC,36.0957,-79.4378,52472
South Hill,WA,47.1412,-122.2701,52431
Elkhart,IN,41.682,-85.9767,52348
La Crosse,WI,43.8014,-91.2396,52306
Oak Park,IL,41.885,-87.7845,52287
Florissant,MO,38.7892,-90.3226,52268
Sammamish,WA,47.6418,-122.0804,52253
Wakefield,NY,40.8979,-73.8524,52201
Albany,OR,44.6365,-123.1059,52175
Hoffman Estates,IL,42.0428,-88.0798,52138
Albany Park,IL,41.9684,-87.7234,52079
Methuen,MA,42.7262,-71.1909,52044
Glendora,CA,34.1361,-117.8653,52009
Wilmington,CA,33.78,-118.2626,52000
Queens Village,NY,40.7268,-73.7415,51919
Brookhaven,GA,33.8584,-84.3402,51910
Levittown,NY,40.7259,-73.5143,51881
Palm Desert,CA,33.7225,-116.377,51869
Joplin,MO,37.0842,-94.5133,51818
Enid,OK,36.3956,-97.8784,51776
Bonita Springs,FL,26.3398,-81.7787,51704
Irondequoit,NY,43.2134,-77.5797,51692
Caldwell,ID,43.6629,-116.6874,51686
Minnetonka,MN,44.9133,-93.5033,51669
Pinellas Park,FL,27.8428,-82.6995,51617
Battle Creek,MI,42.3173,-85.1782,51589
Casa Grande,AZ,32.8795,-111.7574,51460
South Shore,IL,41.762,-87.5778,51451
Mott Haven,NY,40.809,-73.9229,51450
The Villages,FL,28.9341,-81.9599,51442
Grand Island,NE,40.925,-98.342,51440
Grapevine,TX,32.9343,-97.0781,51404
Stratford,CT,41.1845,-73.1332,51384
Kentwood,MI,42.8695,-85.6448,51357
City of Milford (balance),CT,41.2237,-73.0616,51271
Tigard,OR,45.4312,-122.7715,51253
East Hartford,CT,41.7823,-72.612,51252
Apple Valley,MN,44.7319,-93.2177,51221
Plainfield,NJ,40.6337,-74.4074,51217
Leesburg,VA,39.1157,-77.5636,51209
Parsippany,NJ,40.8579,-74.426,51144
Coral Gables,FL,25.7215,-80.2684,51117
The Trails of Frisco,TX,33.1609,-96.8718,51059
The Hammocks,FL,25.6715,-80.4445,51003
Buckeye,AZ,33.3703,-112.5838,50876
Flagami,FL,25.7623,-80.3162,50834
Catalina Foothills,AZ,32.2978,-110.9187,50796
Lakewood,OH,41.482,-81.7982,50656
North La Crosse,WI,43.8464,-91.2482,50470
Burien,WA,47.4704,-122.3468,50467
Havertown,PA,39.9809,-75.3085,50430
Logan,UT,41.7355,-111.8344,50371
South Peabody,MA,42.5098,-70.9495,50293
Aliso Viejo,CA,33.565,-117.7271,50195
Harrisburg,PA,40.2737,-76.8844,50183
Galveston,TX,29.3013,-94.7977,50180
Poway,CA,32.9628,-117.0359,50157
Edina,MN,44.8897,-93.35,50138
Minnetonka Mills,MN,44.9411,-93.4419,50117
Stonecrest,GA,33.7085,-84.1349,50000
Cerritos,CA,33.8584,-118.0648,49975
Redford,MI,42.3834,-83.2966,49936
East Honolulu,HI,21.2891,-157.7173,49914
Troy,NY,42.7284,-73.6918,49906
Sunnyside,NY,40.7398,-73.9354,49833
Lincoln,CA,38.8916,-121.293,49757
Wharton,PA,39.9268,-75.1571,49732
Whitman,PA,39.9168,-75.1555,49732
Downers Grove,IL,41.8089,-88.0112,49732
Azusa,CA,34.1336,-117.9076,49690
Wilson,NC,35.7213,-77.9155,49643
Monroe,LA,32.5093,-92.1193,49598
Parker,CO,39.5186,-104.7614,49550
La Mirada,CA,33.9172,-118.012,49520
Minot,ND,48.2325,-101.2963,49450
Aloha,OR,45.4943,-122.8671,49425
Saginaw,MI,43.4195,-83.9508,49347
Bedford,TX,32.844,-97.1431,49337
Rancho Santa Margarita,CA,33.6409,-117.6031,49324
Cypress,CA,33.817,-118.0373,49290
Murray,UT,40.6669,-111.888,49250
Cuyahoga Falls,OH,41.1339,-81.4846,49146
Coeur d'Alene,ID,47.6777,-116.7805,49122
Bloomfield,NJ,40.8068,-74.1854,49120
Rowland Heights,CA,33.9761,-117.9053,48993
Covina,CA,34.09,-117.8903,48984
Stillwater,OK,36.1156,-97.0584,48967
Niagara Falls,NY,43.0945,-79.0567,48916
Collierville,TN,35.042,-89.6645,48863
Oxford Circle,PA,40.0501,-75.0718,48856
Summerville,SC,33.0185,-80.1757,48848
South Bel Air,MD,39.5332,-76.3375,48828
Sheboygan,WI,43.7508,-87.7145,48797
Middletown,OH,39.5151,-84.3983,48760
Aspen Hill,MD,39.0795,-77.073,48759
Dunwoody,GA,33.9462,-84.3346,48733
Huntington,WV,38.4192,-82.4451,48638
Maricopa,AZ,33.0581,-112.0476,48602
Roswell,NM,33.3944,-104.5249,48544
Cedar Hill,TX,32.5885,-96.9561,48507
East Brunswick,NJ,40.4279,-74.416,48495
East Lansing,MI,42.737,-84.4839,48471
Apopka,FL,28.6762,-81.5119,48382
Maspeth,NY,40.7232,-73.9126,48325
Wheaton,MD,39.0398,-77.0553,48284
Mishawaka,IN,41.662,-86.1586,48261
Portage,MI,42.2011,-85.58,48177
West Orange,NJ,40.7987,-74.239,48131
McLean,VA,38.9343,-77.1775,48115
Newark,OH,40.0581,-82.4013,47986
Ceres,CA,37.5949,-120.9577,47963
Alexandria,LA,31.3113,-92.4451,47889
Chesterfield,MO,38.6631,-90.5771,47864
Barnstable,MA,41.7001,-70.2995,47821
Salina,KS,38.8403,-97.6114,47813
Lawrence,IN,39.8387,-86.0253,47809
Bel Air South,MD,39.5051,-76.3198,47709
Pearl City,HI,21.3973,-157.9752,47698
Euclid,OH,41.5931,-81.5268,47676
Roseville,MI,42.4973,-82.9371,47637
Texas City,TX,29.3838,-94.9027,47618
Wauwatosa,WI,43.0495,-88.0076,47614
Waiau-Pacific Palisades,HI,21.4002,-157.9545,47591
Vermont Square,CA,34.002,-118.299,47555
Florin,CA,38.496,-121.4088,47513
Twin Falls,ID,42.563,-114.4609,47468
Glenview,IL,42.0697,-87.7878,47446
East Providence,RI,41.8137,-71.3701,47408
Palm Springs,CA,33.8303,-116.5453,47371
San Luis Obispo,CA,35.2828,-120.6596,47339
Mission District,CA,37.7599,-122.4191,47234
Country Club,FL,25.9481,-80.317,47105
Gwynn Oak,MD,39.3326,-76.6928,47092
Winnetka,CA,34.2133,-118.572,47000
Madison,AL,34.6993,-86.7483,46962
Jeffersonville,IN,38.2776,-85.7372,46960
San Jacinto,CA,33.7839,-116.9586,46951
Mentor,OH,41.6662,-81.3396,46901
Charleston,WV,38.3498,-81.6326,46838
Mansfield,OH,40.7584,-82.5155,46830
Hattiesburg,MS,31.3271,-89.2903,46805
Draper,UT,40.5247,-111.8638,46774
Middletown,CT,41.5623,-72.6506,46756
Wylie,TX,33.0151,-96.5389,46708
Columbus,IN,39.2014,-85.9214,46690
Laguna,CA,38.421,-121.4238,46621
Smyrna,TN,35.9828,-86.5186,46607
Charlottesville,VA,38.0293,-78.4767,46597
Lacey,WA,47.0343,-122.8232,46409
Makakilo / Kapolei / Honokai Hale,HI,21.3374,-158.0968,46389
Littleton,CO,39.6133,-105.0166,46368
Beavercreek,OH,39.7092,-84.0633,46277
Kannapolis,NC,35.4874,-80.6217,46144
Everett,MA,42.4084,-71.0537,46050
Binghamton,NY,42.0987,-75.918,46032
Brighton,MA,42.3501,-71.1564,45977
Elmhurst,IL,41.8995,-87.9403,45957
Hell's Kitchen,NY,40.765,-73.9909,45884
Auburn Gresham,IL,41.7418,-87.6532,45842
City of Sammamish,WA,47.6044,-122.0377,45780
Antelope,CA,38.7082,-121.3299,45770
Keller,TX,32.9346,-97.2517,45758
Biloxi,MS,30.396,-88.8853,45637
Apex,NC,35.7326,-78.8503,45585
West Lafayette,IN,40.4259,-86.9081,45550
Cutler Bay,FL,25.5783,-80.3377,45425
Titusville,FL,28.6122,-80.8076,45393
Altoona,PA,40.5187,-78.3947,45344
Newark,CA,37.5297,-122.0402,45336
Oro Valley,AZ,32.3909,-110.9665,45303
Saint Louis Park,MN,44.9483,-93.348,45250
Enfield,CT,41.9762,-72.5918,45212
Dublin,OH,40.0992,-83.1141,45098
Tuckahoe,VA,37.5902,-77.5564,44990
Potomac,MD,39.0182,-77.2086,44965
Cleveland Heights,OH,41.52,-81.5562,44962
Sayreville,NJ,40.4593,-74.361,44920
Hackensack,NJ,40.8859,-74.0435,44834
Pine Bluff,AR,34.2284,-92.0032,44772
West Seneca,NY,42.8501,-78.7998,44711
Strongsville,OH,41.3145,-81.8357,44668
Coachella,CA,33.6803,-116.1739,44635
Penn Hills,PA,40.5012,-79.8392,44610
Encino,CA,34.1592,-118.5012,44581
Bentonville,AR,36.3728,-94.2088,44499
Fort Pierce,FL,27.4467,-80.3256,44484
Bridgewater,NJ,40.6008,-74.6482,44464
Danville,CA,37.8216,-122.0,44400
Oakland Park,FL,26.1723,-80.132,44319
Attleboro,MA,41.9445,-71.2856,44284
Severn,MD,39.1371,-76.6983,44231
Blacksburg,VA,37.2296,-80.4139,44215
Haltom City,TX,32.7996,-97.2692,44206
Brighton Park,IL,41.8189,-87.6989,44202
Lompoc,CA,34.6392,-120.4579,44164
Wesley Chapel,FL,28.2397,-82.3279,44092
Urbandale,IA,41.6267,-93.7122,44062
York,PA,39.9626,-76.7277,43992
Concord,NH,43.2081,-71.5376,43976
North Miami Beach,FL,25.9332,-80.1625,43971
El Centro,CA,32.792,-115.5631,43956
Rego Park,NY,40.7265,-73.8526,43925
North Brunswick,NJ,40.454,-74.482,43905
Cleveland,TN,35.1595,-84.8766,43898
Echo Park,CA,34.0781,-118.2607,43832
North Bethesda,MD,39.0446,-77.1189,43828
Beaumont,CA,33.9295,-116.9772,43811
Kalihi-Palama,HI,21.3261,-157.8759,43805
Lombard,IL,41.88,-88.0078,43797
Bountiful,UT,40.8894,-111.8808,43784
North Lauderdale,FL,26.2173,-80.2259,43703
Burleson,TX,32.5421,-97.3208,43625
Ocoee,FL,28.5692,-81.544,43608
Ashburn,VA,39.0437,-77.4875,43511
Southington,CT,41.5965,-72.8776,43501
Augusta,GA,33.471,-81.9748,43459
Bozeman,MT,45.6797,-111.0386,43405
Sierra Vista,AZ,31.5545,-110.3037,43355
Freeport,NY,40.6576,-73.5832,43334
Pittsfield,MA,42.4501,-73.2454,43303
Hilo,HI,19.7299,-155.0907,43263
West Babylon,NY,40.7182,-73.3543,43213
DeKalb,IL,41.9295,-88.7504,43211
San Bruno,CA,37.6305,-122.4111,43185
Altamonte Springs,FL,28.6611,-81.3656,43159
Bell Gardens,CA,33.9653,-118.1515,43106
Schertz,TX,29.5522,-98.2697,43091
East Boston,MA,42.3751,-71.0392,43066
Morgan Hill,CA,37.1305,-121.6544,42948
Bothell,WA,47.7623,-122.2054,42939
Fond du Lac,WI,43.775,-88.4388,42933
Sicklerville,NJ,39.7173,-74.9693,42891
Sayreville Junction,NJ,40.4654,-74.3304,42890
Farmington,NM,36.7281,-108.2187,42871
Salem,MA,42.5198,-70.8955,42869
Arlington,MA,42.4154,-71.1564,42844
La Jolla,CA,32.8473,-117.2742,42808
Altadena,CA,34.1897,-118.1312,42777
Fairfield,OH,39.3459,-84.5605,42767
Ashburn,IL,41.7475,-87.7112,42752
Rancho Palos Verdes,CA,33.7445,-118.387,42732
North Highlands,CA,38.6857,-121.3722,42694
Moline,IL,41.5067,-90.5151,42681
East Concord,NH,43.242,-71.5381,42605
Jefferson City,MO,38.5767,-92.1735,42595
Henrietta,NY,43.0592,-77.6122,42581
Rockwall,TX,32.9312,-96.4597,42566
Plainfield,IL,41.627,-88.204,42527
Burlington,VT,44.4759,-73.2121,42452
Rohnert Park,CA,38.3396,-122.7011,42407
Urbana,IL,40.1106,-88.2073,42311
Southglenn,CO,39.5872,-104.9528,42268
Midland,MI,43.6156,-84.2472,42200
Prescott Valley,AZ,34.61,-112.3157,42197
Joint Base Pearl Harbor Hickam,HI,21.3491,-157.9471,42184
State College,PA,40.7934,-77.86,42161
Kearny,NJ,40.7684,-74.1454,42137
El Dorado Hills,CA,38.6857,-121.0822,42108
Danville,VA,36.586,-79.395,42082
Belleville,IL,38.52,-89.984,42034
Linden,NJ,40.6221,-74.2446,42021
Moorhead,MN,46.8739,-96.7695,42005
Woodside,NY,40.7454,-73.9054,41981
Brea,CA,33.9167,-117.9001,41944
Riverton,UT,40.5219,-111.9391,41900
Prescott,AZ,34.54,-112.4685,41899
Mount Laurel,NJ,39.934,-74.891,41864
The Colony,TX,33.089,-96.8864,41779
Manassas,VA,38.751,-77.4753,41764
Brentwood,TN,36.0331,-86.7828,41763
Westfield,MA,42.1251,-72.7495,41690
Hutchinson,KS,38.0608,-97.9298,41569
Leominster,MA,42.5251,-71.7598,41569
Catonsville,MD,39.2721,-76.7319,41567
Hicksville,NY,40.7684,-73.5251,41547
Bartlett,IL,41.995,-88.1856,41545
Buffalo Grove,IL,42.1514,-87.9598,41496
Woonsocket,RI,42.0029,-71.5148,41475
West Hills,CA,34.1973,-118.644,41426
Edmonds,WA,47.8107,-122.3774,41375
Marana,AZ,32.4367,-111.2254,41315
Shelton,CT,41.3165,-73.0932,41296
Cedar Falls,IA,42.5278,-92.4455,41255
Chatsworth,CA,34.2572,-118.6012,41255
Gage Park,IL,41.795,-87.6962,41202
Beverly,MA,42.5584,-70.88,41186
University,FL,28.0739,-82.439,41163
Coppell,TX,32.9546,-97.015,41159
Findlay,OH,41.0442,-83.6499,41149
Campbell,CA,37.2872,-121.95,41117
Lake Ridge,VA,38.6879,-77.2978,41058
Burke,VA,38.7934,-77.2716,41055
Mankato,MN,44.1591,-94.0092,41044
Annandale,VA,38.8304,-77.1964,41008
Covington,KY,39.0837,-84.5085,40997
New City,IL,41.8075,-87.6564,40997
Morris Heights,NY,40.8498,-73.9199,40982
Peachtree Corners,GA,33.9701,-84.2216,40978
South Valley,NM,35.01,-106.6781,40976
Ormond Beach,FL,29.2858,-81.0559,40970
Carrollwood Village,FL,28.0675,-82.5209,40949
Huntsville,TX,30.7235,-95.5508,40938
Venice,CA,33.9908,-118.4601,40885
Sumter,SC,33.9204,-80.3415,40816
Annapolis,MD,38.9786,-76.4918,40812
Quincy,IL,39.9356,-91.4099,40780
Wilkes-Barre,PA,41.2459,-75.8813,40780
Lincoln Square,IL,41.9759,-87.6892,40761
La Puente,CA,34.02,-117.9495,40745
Holyoke,MA,42.2043,-72.6162,40684
Sherman,TX,33.6357,-96.6089,40667
Goose Creek,SC,32.981,-80.0326,40633
Maplewood,MN,44.953,-92.9952,40567
Streamwood,IL,42.0256,-88.1784,40554
Fitchburg,MA,42.5834,-71.8023,40545
Hilton Head Island,SC,32.1938,-80.7382,40512
La Quinta,CA,33.6634,-116.31,40476
Crystal Lake,IL,42.2411,-88.3162,40448
Hagerstown,MD,39.6418,-77.72,40432
San Gabriel,CA,34.0961,-118.1058,40424
Hickory,NC,35.7332,-81.3412,40374
Beverly Cove,MA,42.5534,-70.8537,40365
Winter Garden,FL,28.5653,-81.5862,40356
Carol Stream,IL,41.9125,-88.1348,40356
Warren,OH,41.2376,-80.8184,40245
Marlboro,NJ,40.3154,-74.2463,40191
Teaneck,NJ,40.8976,-74.016,40078
Calexico,CA,32.679,-115.4989,40053
Florence,AL,34.7998,-87.6773,40026
St. Johns,FL,30.0815,-81.5477,40000
Shakopee,MN,44.798,-93.5269,39981
Billerica,MA,42.5584,-71.269,39904
Norwich,CT,41.5243,-72.0759,39899
Amherst,MA,42.3672,-72.5185,39833
Duncanville,TX,32.6518,-96.9083,39826
New Berlin,WI,42.9764,-88.1084,39825
Marlborough,MA,42.3459,-71.5523,39818
Oakley,CA,37.9974,-121.7125,39813
Lancaster,OH,39.7137,-82.5993,39766
Sawtelle,CA,34.0363,-118.4495,39757
Avondale,IL,41.9389,-87.7112,39721
Romeoville,IL,41.6475,-88.0895,39719
Culver City,CA,34.0211,-118.3965,39717
Montclair,NJ,40.8259,-74.209,39701
Meridian,MS,32.3643,-88.7037,39661
Puyallup,WA,47.1854,-122.2929,39659
Woburn,MA,42.4793,-71.1523,39555
Bremerton,WA,47.5673,-122.6326,39520
Hallandale Beach,FL,25.9812,-80.1484,39488
Clovis,NM,34.4048,-103.2052,39480
Weslaco,TX,26.1595,-97.9908,39474
Cape Girardeau,MO,37.3059,-89.5182,39462
Bullhead City,AZ,35.1478,-114.5683,39445
North Fort Myers,FL,26.6673,-81.8801,39407
Dover,DE,39.1582,-75.5244,39403
Chelsea,MA,42.3918,-71.0328,39398
Grove City,OH,39.8815,-83.093,39388
Princeton,FL,25.5384,-80.4089,39308
Essex,MD,39.3093,-76.475,39262
Atlantic City,NJ,39.3642,-74.4231,39260
Pacifica,CA,37.6138,-122.4869,39260
Germantown,TN,35.0868,-89.8101,39240
Northglenn,CO,39.8855,-104.9872,39197
Far Rockaway,NY,40.6054,-73.7551,39189
Olney,PA,40.0412,-75.1238,39154
Kensington,NY,40.6462,-73.9707,39120
Coram,NY,40.8687,-73.0015,39113
Wausau,WI,44.9591,-89.6301,39094
Hurst,TX,32.8235,-97.1706,39016
Stanton,CA,33.8025,-117.9931,38872
Aliamanu / Salt Lakes / Foster Village,HI,21.3602,-157.9184,38833
Lancaster,TX,32.5921,-96.7561,38801
Friendswood,TX,29.5294,-95.201,38800
Gainesville,GA,34.2979,-83.8241,38712
The Acreage,FL,26.794,-80.2675,38704
West Oak Lane,PA,40.0693,-75.1663,38699
Montclair,CA,34.0775,-117.6898,38690
Kailua,HI,21.4024,-157.7405,38635
Rock Island,IL,41.5095,-90.5787,38620
Whitney,NV,36.0983,-115.0363,38585
Oviedo,FL,28.67,-81.2081,38551
Carpentersville,IL,42.1211,-88.2579,38512
Manhattan Valley,NY,40.7939,-73.965,38500
Lake Oswego,OR,45.4207,-122.6706,38496
Muskogee,OK,35.7479,-95.3697,38456
Hobbs,NM,32.7026,-103.136,38416
Muskegon,MI,43.2342,-86.2484,38401
Westerville,OH,40.1262,-82.9291,38384
Little Elm,TX,33.1626,-96.9375,38341
Hanover Park,IL,41.9995,-88.1451,38333
Hillsborough,NJ,40.4776,-74.6268,38303
Channelview,TX,29.7761,-95.1146,38289
Panama City,FL,30.1595,-85.6598,38286
Florence,SC,34.1954,-79.7626,38228
Waipahu,HI,21.3867,-158.0092,38216
Wake Forest,NC,35.9799,-78.5097,38199
Huber Heights,OH,39.8439,-84.1247,38176
Martinez,CA,38.0194,-122.1341,38137
East Meadow,NY,40.714,-73.559,38132
Hanover,MD,39.1929,-76.7241,38088
Wheeling,IL,42.1392,-87.929,38079
Apache Junction,AZ,33.4151,-111.5496,38074
Pleasant Grove,UT,40.3641,-111.7385,38052
Brookfield,WI,43.0606,-88.1065,38025
Columbia Heights,DC,38.9257,-77.0294,38000
Delaware,OH,40.2987,-83.068,37995
Roy,UT,41.1616,-112.0263,37964
Valley Stream,NY,40.6643,-73.7085,37962
Spanish Fork,UT,40.115,-111.6549,37935
Keizer,OR,44.9901,-123.0262,37895
Woodlawn,MD,39.3229,-76.728,37879
Lima,OH,40.7426,-84.1052,37873
Spartanburg,SC,34.9496,-81.9321,37867
Hermitage,TN,36.1962,-86.6225,37814
Park Ridge,IL,42.0111,-87.8406,37757
Fenway/Kenmore,MA,42.3449,-71.1002,37733
Winter Haven,FL,28.0222,-81.7329,37689
Aventura,FL,25.9565,-80.1392,37649
Severna Park,MD,39.0704,-76.5452,37634
Royal Palm Beach,FL,26.7084,-80.2306,37633
Brighton,CO,39.9853,-104.8205,37585
Phenix City,AL,32.471,-85.0008,37570
Milton,GA,34.1322,-84.3007,37547
Sun City,AZ,33.5975,-112.2718,37499
Lake Worth Beach,FL,26.6171,-80.0723,37498
Kew Gardens Hills,NY,40.73,-73.8234,37479
Jamaica Plain,MA,42.3098,-71.1203,37468
Monrovia,CA,34.1481,-117.9989,37463
Hollister,CA,36.8524,-121.4016,37462
Los Banos,CA,37.0583,-120.8499,37457
Sewell,NJ,39.7665,-75.1443,37433
Plant City,FL,28.0189,-82.1147,37406
Greenfield,WI,42.9614,-88.0126,37349
Marion,IA,42.0342,-91.5977,37330
Braintree,MA,42.2038,-71.0022,37297
Newnan,GA,33.3807,-84.7997,37291
Texarkana,TX,33.4251,-94.0477,37280
Addison,IL,41.9317,-87.989,37208
Reynoldsburg,OH,39.9548,-82.8121,37158
South Jordan Heights,UT,40.5638,-111.9494,37141
Odenton,MD,39.084,-76.7002,37132
Mableton,GA,33.8187,-84.5824,37115
Hilton Head,SC,32.2163,-80.7526,37099
Grants Pass,OR,42.4393,-123.3307,37088
Indian Trail,NC,35.0768,-80.6692,37073
Calumet City,IL,41.6156,-87.5295,37031
Lincoln Park,MI,42.2506,-83.1785,37012
Lynnwood,WA,47.8209,-122.3151,36997
Whitestone,NY,40.7946,-73.8185,36984
Beloit,WI,42.5084,-89.0318,36891
Belleville,NJ,40.7937,-74.1501,36878
Longview,WA,46.1382,-122.9382,36848
Columbia,TN,35.6151,-87.0353,36800
South Miami Heights,FL,25.5976,-80.3806,36770
Portage,IN,41.5759,-87.1762,36738
Westfield,IN,40.0428,-86.1275,36738
New Albany,IN,38.2856,-85.8241,36732
Clifton Park,NY,42.8656,-73.7709,36705
Fort Lee,NJ,40.8509,-73.9701,36672
Brighton,NY,43.1476,-77.5506,36609
Bartlesville,OK,36.7473,-95.9808,36595
Ewing,NJ,40.2698,-74.7999,36559
San Juan,TX,26.1892,-98.1553,36556
Woodhaven,NY,40.6893,-73.8579,36555
Mission Bend,TX,29.6938,-95.665,36501
San Juan Capistrano,CA,33.5017,-117.6625,36454
Pahrump,NV,36.2083,-115.9839,36441
Saint Charles,MD,38.6032,-76.9386,36376
Temple City,CA,34.1072,-118.0579,36365
Marion,OH,40.5887,-83.1285,36363
Mechanicsville,VA,37.6088,-77.3733,36348
Lufkin,TX,31.3382,-94.7291,36333
Pennsauken,NJ,39.9562,-75.058,36332
Rome,GA,34.257,-85.1647,36323
Mattapan,MA,42.2723,-71.087,36299
Claremont,CA,34.0967,-117.7198,36283
Franklin,WI,42.8886,-88.0384,36222
West Hollywood,CA,34.09,-118.3617,36222
Richfield,MN,44.8833,-93.283,36216
Bell,CA,33.9775,-118.187,36205
Lewiston,ME,44.1003,-70.2148,36202
Dunedin,FL,28.0199,-82.7732,36164
Kendall West,FL,25.7065,-80.4388,36154
Del Rio,TX,29.3627,-100.8968,36153
Oakville,MO,38.4701,-90.3046,36143
Commack,NY,40.8429,-73.2929,36124
Menomonee Falls,WI,43.1789,-88.1173,36119
Moorpark,CA,34.2856,-118.882,36104
Gadsden,AL,34.0143,-86.0064,36084
Issaquah,WA,47.5301,-122.0326,36081
Spring Hill,TN,35.7512,-86.93,36055
Trumbull,CT,41.2429,-73.2007,36018
Olive Branch,MS,34.9618,-89.8295,36010
Mooresville,NC,35.5849,-80.8101,36009
West Torrington,CT,41.8184,-73.1437,36000
Willowbrook,CA,33.917,-118.2551,35983
Leavenworth,KS,39.3111,-94.9225,35980
Clinton,MD,38.7651,-76.8983,35970
Cottage Grove,MN,44.8277,-92.9438,35918
Wildwood,MO,38.5828,-90.6629,35899
Richmond West,FL,25.6105,-80.4297,35884
Richmond,IN,39.8289,-84.8902,35854
Mount Pleasant,DC,38.9307,-77.0408,35842
Oregon City,OR,45.3573,-122.6068,35831
'Ewa Gentry-West Loch,HI,21.3533,-158.0284,35828
Goldsboro,NC,35.3849,-77.9928,35826
Manhattan Beach,CA,33.8847,-118.4109,35818
Parkland,WA,47.1554,-122.434,35803
Martinez,GA,33.5174,-82.0757,35795
East Florence,AL,34.8095,-87.6495,35733
Kyle,TX,29.9891,-97.8772,35733
Kearns,UT,40.66,-111.9963,35731
Linton Hall,VA,38.7598,-77.575,35725
Tupelo,MS,34.2581,-88.7046,35680
Hot Springs,AR,34.5037,-93.0552,35635
Wildomar,CA,33.5989,-117.28,35632
Wentzville,MO,38.8114,-90.8529,35603
Roseville,MN,45.0061,-93.1566,35580
Valrico,FL,27.9379,-82.2364,35545
Coventry,RI,41.7001,-71.6828,35525
Rosenberg,TX,29.5572,-95.8086,35510
Bettendorf,IA,41.5245,-90.5157,35505
East Point,GA,33.6795,-84.4394,35467
Prattville,AL,32.464,-86.4597,35420
Ponte Vedra Beach,FL,30.2397,-81.3856,35400
Boardman,OH,41.0242,-80.6629,35376
Cooper City,FL,26.0573,-80.2717,35364
Oxon Hill-Glassmanor,MD,38.7961,-76.975,35355
Egypt Lake-Leto,FL,28.0177,-82.5062,35282
North Lawndale,IL,41.86,-87.7184,35276
Oak Creek,WI,42.8858,-87.8631,35243
Peachtree City,GA,33.3968,-84.5958,35240
Merrillville,IN,41.4828,-87.3328,35224
Saint Cloud,FL,28.2489,-81.2812,35183
La Porte,TX,29.6658,-95.0194,35148
University City,MO,38.6559,-90.3093,35058
Upper Arlington,OH,39.9945,-83.0624,34907
Torrington,CT,41.8006,-73.1212,34906
Beverly Hills,CA,34.0736,-118.4004,34869
Inver Grove Heights,MN,44.848,-93.0427,34857
Cumberland,RI,41.9668,-71.4328,34843
Bayview-Hunters Point,CA,37.7285,-122.3811,34835
Pleasant Hill,CA,37.948,-122.0608,34810
Stow,OH,41.1595,-81.4404,34797
Lauderdale Lakes,FL,26.1665,-80.2084,34796
La Vergne,TN,36.0156,-86.5819,34794
Winter Springs,FL,28.6989,-81.3081,34789
Merritt Island,FL,28.359,-80.69,34743
Greenpoint,NY,40.7237,-73.951,34719
West Little River,FL,25.857,-80.237,34699
Brunswick,OH,41.2381,-81.8418,34689
San Dimas,CA,34.1067,-117.8067,34630
Monroe,NC,34.9854,-80.5495,34623
North Center,IL,41.9539,-87.679,34623
Queen Creek,AZ,33.2487,-111.6343,34614
Kaneohe,HI,21.3999,-157.7989,34597
Gahanna,OH,40.0192,-82.8793,34590
Leawood,KS,38.9667,-94.6169,34579
Owasso,OK,36.2695,-95.8547,34542
Derry Village,NH,42.8918,-71.312,34539
Orange,NJ,40.7707,-74.2327,34457
Central Islip,NY,40.7906,-73.2018,34450
Norristown,PA,40.1215,-75.3399,34412
Lower West Side,IL,41.8542,-87.6656,34410
Dyker Heights,NY,40.6215,-74.0096,34399
Glendale,NY,40.7015,-73.8868,34389
Cottonwood Heights,UT,40.6197,-111.8102,34343
Gallatin,TN,36.3884,-86.4467,34334
Houma,LA,29.5958,-90.7195,34287
Rubidoux,CA,33.9961,-117.4056,34280
Collinwood,OH,41.5584,-81.5693,34220
Glendale Heights,IL,41.9146,-88.0649,34208
Butte,MT,46.0038,-112.5347,34190
Dana Point,CA,33.467,-117.6981,34181
Benton,AR,34.5645,-92.5868,34177
Vestavia Hills,AL,33.4487,-86.7878,34174
La Presa,CA,32.7081,-116.9972,34169
Oakton,VA,38.8809,-77.3008,34166
Chester,PA,39.8475,-75.3578,34092
Mount Vernon,WA,48.4212,-122.3341,34053
Studio City,CA,34.1486,-118.3965,34034
Salisbury,NC,35.671,-80.4742,34017
Riviera Beach,FL,26.7753,-80.0581,34005
Orangevale,CA,38.6785,-121.2258,33960
Oswego,IL,41.6828,-88.3515,33955
El Mirage,AZ,33.6131,-112.3246,33935
West Lake Sammamish,WA,47.5776,-122.1012,33929
North Bel Air,MD,39.5398,-76.355,33925
Chelmsford,MA,42.5998,-71.3673,33925
Bay City,MI,43.5945,-83.8889,33917
Nacogdoches,TX,31.6035,-94.6555,33894
Shrewsbury,MA,42.2959,-71.7129,33893
McMinnville,OR,45.2101,-123.1987,33892
Dakota Ridge,CO,39.6164,-105.1393,33892
Bridgeport,IL,41.8381,-87.6512,33878
Dalton,GA,34.7698,-84.9702,33853
Olney,MD,39.1532,-77.0669,33844
North Providence,RI,41.8501,-71.4662,33835
Newark,DE,39.6837,-75.7497,33817
Oak Hill,VA,38.9258,-77.4016,33811
Deer Park,TX,29.7052,-95.1238,33806
Holland,MI,42.7875,-86.1089,33742
Throgs Neck,NY,40.8226,-73.8196,33683
Northbrook,IL,42.1275,-87.829,33663
Hilliard,OH,40.0334,-83.1582,33649
Wenatchee,WA,47.4235,-120.3103,33636
West Fargo,ND,46.875,-96.9004,33597
Fair Lawn,NJ,40.9404,-74.1318,33597
Kennesaw,GA,34.0234,-84.6155,33584
New City,NY,41.1476,-73.9893,33559
Long Beach,NY,40.5884,-73.6579,33550
Richmond,KY,37.7479,-84.2947,33533
Suitland-Silver Hill,MD,38.8469,-76.9259,33515
Chillum,MD,38.9637,-76.9908,33513
Foster City,CA,37.5585,-122.2711,33477
Fairborn,OH,39.8209,-84.0194,33452
Menlo Park,CA,37.4538,-122.1822,33449
Chicago Loop,IL,41.8841,-87.6333,33442
Cibolo,TX,29.5616,-98.227,33433
Lawndale,CA,33.8872,-118.3526,33430
Hinesville,GA,31.8469,-81.596,33398
Waxahachie,TX,32.3865,-96.8483,33384
St. Charles,MD,38.6073,-76.9248,33379
Cobbs Creek,PA,39.9476,-75.2402,33373
Woodridge,IL,41.747,-88.0503,33370
Carrollwood,FL,28.05,-82.4929,33365
Brentwood,CA,34.0519,-118.474,33312
Somerton,PA,40.1234,-75.0149,33247
Elk Grove Village,IL,42.0039,-87.9703,33238
Pekin,IL,40.5675,-89.6407,33223
Socorro,TX,31.6546,-106.3033,33222
Elmont,NY,40.7009,-73.7129,33198
Adelanto,CA,34.5828,-117.4092,33166
Tooele,UT,40.5308,-112.2983,33157
Golden Glades,FL,25.9118,-80.2003,33145
Marrero,LA,29.8994,-90.1004,33141
Jackson,MI,42.2459,-84.4013,33133
Foothill Farms,CA,38.6788,-121.3511,33121
Englewood,CO,39.6478,-104.9878,33082
Copperas Cove,TX,31.1241,-97.9031,33081
Bath Beach,NY,40.6046,-74.0043,33080
Huntington Station,NY,40.8534,-73.4115,33029
Seaside,CA,36.6111,-121.8516,33025
Kearney,NE,40.6995,-99.0815,33021
Redan,GA,33.7454,-84.1316,33015
Manitowoc,WI,44.0886,-87.6576,33010
Williamsburg,NY,40.7143,-73.9535,33000
Goshen,IN,41.5823,-85.8344,32983
St. Charles,IL,41.9142,-88.3087,32974
Greenacres City,FL,26.6237,-80.1253,32963
Kiryas Joel,NY,41.342,-74.1679,32954
Salisbury,MD,38.3607,-75.5994,32899
Douglasville,GA,33.7515,-84.7477,32897
Silver Lake,CA,34.0867,-118.2702,32890
Security-Widefield,CO,38.7473,-104.7144,32882
University Place,WA,47.2356,-122.5504,32842
Pullman,WA,46.7313,-117.1796,32816
West Lawn,IL,41.7728,-87.7223,32749
Mount Lebanon,PA,40.3554,-80.0495,32730
Windsor,CO,40.4775,-104.9014,32716
Alabaster,AL,33.2443,-86.8164,32707
Farmers Branch,TX,32.9265,-96.8961,32689
Oildale,CA,35.4197,-119.0195,32684
La Verne,CA,34.1008,-117.7678,32681
Mason,OH,39.3601,-84.3099,32662
Eastpointe,MI,42.4684,-82.9555,32657
Bustleton,PA,40.0826,-75.0316,32655
Gillette,WY,44.2911,-105.5022,32649
Valparaiso,IN,41.4731,-87.0611,32626
Midvale,UT,40.6111,-111.8999,32613
Spring Valley,NY,41.1131,-74.0438,32598
Rome,NY,43.2129,-75.4557,32573
Lewiston,ID,46.4166,-117.0177,32544
West Village,NY,40.7336,-74.0092,32518
North Ridgeville,OH,41.3895,-82.019,32483
Petersburg,VA,37.2279,-77.4019,32477
Santa Rosa Beach,FL,30.396,-86.2288,32459
Ken Caryl,CO,39.5758,-105.1122,32438
Randallstown,MD,39.3673,-76.7952,32430
Westlake,OH,41.4553,-81.9179,32428
Bangor,ME,44.7988,-68.7726,32391
Clermont,FL,28.5494,-81.7729,32390
Sun Prairie,WI,43.1836,-89.2137,32365
Georgetown,KY,38.2098,-84.5588,32356
Greater Grand Crossing,IL,41.7611,-87.6149,32346
Fairbanks,AK,64.8378,-147.7164,32325
College Park,MD,38.9807,-76.9369,32301
Springville,UT,40.1652,-111.6107,32286
Natick,MA,42.2834,-71.3495,32276
Massillon,OH,40.7967,-81.5215,32252
Walla Walla,WA,46.0646,-118.343,32237
Florence,KY,38.999,-84.6266,32227
Andover,MN,45.2333,-93.2913,32213
Hopkinsville,KY,36.8656,-87.4912,32205
Overbrook,PA,39.9893,-75.2432,32181
Laramie,WY,41.3114,-105.5911,32158
Greenville,MS,33.409,-91.0598,32156
West Englewood,IL,41.7781,-87.6667,32156
Bethel Park,PA,40.3276,-80.0395,32118
Cookeville,TN,36.1628,-85.5016,32113
Randolph,MA,42.1626,-71.0412,32112
Oceanside,NY,40.6387,-73.6401,32109
Danville,IL,40.1245,-87.63,32108
Helena,MT,46.5927,-112.0361,32091
Montgomery Village,MD,39.1768,-77.1953,32032
North Olmsted,OH,41.4156,-81.9235,32004
Land O' Lakes,FL,28.2189,-82.4576,31996
Watertown,MA,42.3709,-71.1828,31915
Glastonbury,CT,41.7123,-72.6081,31876
Westmont,CA,33.9414,-118.3023,31853
Hyde Park,MA,42.2557,-71.1245,31845
Garfield,NJ,40.8815,-74.1132,31802
Laguna Hills,CA,33.6125,-117.7128,31748
West Bend,WI,43.4253,-88.1834,31695
Willingboro,NJ,40.0279,-74.8691,31668
Cicero,NY,43.1756,-76.1194,31632
Mundelein,IL,42.2631,-88.004,31582
Centereach,NY,40.8584,-73.0995,31578
Juneau,AK,58.3019,-134.4197,31555
Mount Juliet,TN,36.2,-86.5186,31540
Naugatuck,CT,41.4859,-73.0507,31538
San Luis,AZ,32.487,-114.7822,31520
Brighton Beach,NY,40.5779,-73.9596,31462
Michigan City,IN,41.7075,-86.895,31459
Dania Beach,FL,26.0523,-80.1439,31446
Makiki / Lower Punchbowl / Tantalus,HI,21.3176,-157.8312,31434
Lewiston Orchards,ID,46.3804,-116.9754,31422
Lexington,MA,42.4473,-71.2245,31394
Chatham,IL,41.7411,-87.6125,31392
Navarre,FL,30.4016,-86.8636,31378
Holly Springs,NC,35.6513,-78.8336,31377
Shawnee,OK,35.3273,-96.9253,31286
Brentwood Estates,TN,36.0251,-86.7792,31279
Galesburg,IL,40.9478,-90.3712,31273
Bowling Green,OH,41.3748,-83.6513,31246
Des Moines,WA,47.4018,-122.3243,31221
Wheat Ridge,CO,39.7661,-105.0772,31192
Florence,AZ,33.0314,-111.3873,31110
Gurnee,IL,42.3703,-87.902,31056
Myrtle Beach,SC,33.6891,-78.8867,31035
Parkersburg,WV,39.2667,-81.5615,30991
Miami Lakes,FL,25.9087,-80.3087,30972
Saratoga,CA,37.2638,-122.023,30968
East Lake,FL,28.1108,-82.6948,30962
Banning,CA,33.9256,-116.8764,30945
Goleta,CA,34.4358,-119.8276,30944
Lakeside,FL,30.13,-81.7682,30943
Long Branch,NJ,40.3043,-73.9924,30941
Fair Oaks,CA,38.6446,-121.2722,30912
Wayne,PA,40.044,-75.3877,30892
Lake Stevens,WA,48.0151,-122.0637,30886
Dover,NH,43.1979,-70.8737,30880
Radnor,PA,40.0462,-75.3599,30878
Holladay,UT,40.6688,-111.8247,30864
Herriman,UT,40.5141,-112.033,30835
South Kingstown,RI,41.4472,-71.5249,30826
Estero,FL,26.4381,-81.8067,30799
Ithaca,NY,42.4406,-76.4966,30788
North Tonawanda,NY,43.0387,-78.8642,30785
Brooklyn Center,MN,45.0761,-93.3327,30770
Pikesville,MD,39.3743,-76.7225,30764
New Iberia,LA,30.0035,-91.8187,30754
Alamogordo,NM,32.8995,-105.9603,30753
Parkville,MD,39.3773,-76.5397,30734
Statesboro,GA,32.4488,-81.7832,30721
Morgantown,WV,39.6295,-79.9559,30708
Los Gatos,CA,37.2266,-121.9747,30705
Matthews,NC,35.1168,-80.7237,30678
Los Altos,CA,37.3852,-122.1141,30671
Clearfield,UT,41.1108,-112.026,30653
Franklin,MA,42.0834,-71.3967,30636
Owings Mills,MD,39.4196,-76.7802,30622
Hawai'i Kai,HI,21.2964,-157.7018,30620
Aiken,SC,33.5604,-81.7195,30604
Plainfield,IN,39.7042,-86.3994,30590
Ballwin,MO,38.5951,-90.5462,30577
Manchester,CT,41.7759,-72.5215,30577
Algonquin,IL,42.1656,-88.2943,30571
Bel Air North,MD,39.5543,-76.3731,30568
Newington,CT,41.6979,-72.7237,30562
Westfield,NJ,40.659,-74.3474,30548
Santa Paula,CA,34.3542,-119.0593,30546
Fallbrook,CA,33.3764,-117.2511,30534
Eldersburg,MD,39.4037,-76.9503,30531
Sherwood,AR,34.8151,-92.2243,30517
Springfield Gardens,NY,40.6631,-73.7622,30515
Lawrenceville,GA,33.9562,-83.988,30493
Springfield,VA,38.7893,-77.1872,30484
Kaysville,UT,41.0352,-111.9386,30472
Granger,IN,41.7534,-86.1108,30465
Burlingame,CA,37.5841,-122.3661,30459
Post Falls,ID,47.718,-116.9516,30453
Liberty,MO,39.2461,-94.4191,30450
West Roxbury,MA,42.2793,-71.1495,30442
San Pablo,CA,37.9622,-122.3455,30407
Savage,MN,44.7791,-93.3363,30391
Poughkeepsie,NY,41.7004,-73.921,30371
Texarkana,AR,33.4418,-94.0377,30353
North Royalton,OH,41.3137,-81.7246,30311
Chicago Heights,IL,41.5061,-87.6356,30284
Lebanon,TN,36.2081,-86.2911,30262
Walnut,CA,34.0203,-117.8653,30237
Madison Heights,MI,42.4859,-83.1052,30198
DeLand,FL,29.0283,-81.3031,30195
Cedar City,UT,37.6775,-113.0619,30184
Parkland,FL,26.3101,-80.2373,30177
West Warwick,RI,41.6969,-71.5219,30146
Jamestown,NY,42.097,-79.2353,30075
New Bern,NC,35.1085,-77.0441,30070
Rochester,NH,43.3045,-70.9756,30038
Cleburne,TX,32.3476,-97.3867,30020
Ashmont,MA,42.2834,-71.0689,30000
Winter Park,FL,28.6,-81.3392,29943
Carney,MD,39.3943,-76.5236,29941
Southlake,TX,32.9412,-97.1342,29941
San Carlos,CA,37.5072,-122.2605,29931
Woodstock,GA,34.1015,-84.5194,29898
East Hill-Meridian,WA,47.4105,-122.1737,29878
Niles,IL,42.0189,-87.8028,29876
Laplace,LA,30.067,-90.4815,29872
Westchester,FL,25.7548,-80.3273,29862
Atascadero,CA,35.4894,-120.6707,29819
Kent,OH,41.1537,-81.3579,29810
Gloucester,MA,42.614,-70.6631,29781
Nicholasville,KY,37.8806,-84.573,29754
Oak Park,MI,42.4595,-83.1827,29752
Highland Park,IL,42.1817,-87.8003,29743
Elizabethtown,KY,37.694,-85.8591,29678
Austintown,OH,41.1017,-80.7645,29677
East Palo Alto,CA,37.4688,-122.1411,29662
South Gate,MD,39.129,-76.6258,29658
Pueblo West,CO,38.35,-104.7228,29637
Port Chester,NY,41.0018,-73.6657,29620
Princeton,NJ,40.3487,-74.659,29603
Fort Cavazos,TX,31.1349,-97.7756,29589
LaGrange,GA,33.0393,-85.0313,29588
Salem,NH,42.7884,-71.2009,29549
Opelika,AL,32.6454,-85.3783,29527
Rahway,NJ,40.6082,-74.2776,29508
North Chicago,IL,42.3256,-87.8412,29491
Middle Village,NY,40.7165,-73.8812,29491
Morristown,TN,36.214,-83.2949,29478
Cheshire,CT,41.499,-72.9007,29443
Branford,CT,41.2795,-72.8151,29438
Raytown,MO,39.0086,-94.4636,29401
Fruit Cove,FL,30.1111,-81.6418,29362
Port Huron,MI,42.9709,-82.4249,29330
Tewksbury,MA,42.6106,-71.2342,29326
Glenville,NY,42.9292,-74.0521,29326
Franklin Square,NY,40.7073,-73.676,29320
Oak Ridge,TN,36.0104,-84.2696,29302
Longfellow Community,MN,44.9426,-93.2256,29295
Southgate,MI,42.2139,-83.1938,29293
East Haven,CT,41.2762,-72.8684,29257
Upper Alton,IL,38.9114,-90.1507,29251
Johnston,RI,41.8219,-71.5067,29247
Atwater,CA,37.3477,-120.6091,29237
West Falls Church,VA,38.8648,-77.1879,29207
Williamsport,PA,41.2412,-77.0011,29201
Duluth,GA,34.0029,-84.1446,29193
Fort Bragg,NC,35.139,-79.006,29183
Russellville,AR,35.2784,-93.1338,29166
Sanford,NC,35.4799,-79.1803,29144
Harker Heights,TX,31.0835,-97.6597,29142
Burbank,IL,41.7339,-87.7795,29128
Marion,IN,40.5584,-85.6591,29081
Granite City,IL,38.7014,-90.1487,29054
Milford Mill,MD,39.3479,-76.77,29042
Lake in the Hills,IL,42.1817,-88.3304,29024
Evans,GA,33.5337,-82.1307,29011
O'Fallon,IL,38.5923,-89.9112,29002
Fort Hamilton,NY,40.6187,-74.0332,28966
Carlsbad,NM,32.4207,-104.2288,28957
Ferry Pass,FL,30.5102,-87.2125,28921
Airport,HI,21.3399,-157.9284,28916
Kingman,AZ,35.1894,-114.053,28912
Orcutt,CA,34.8653,-120.436,28905
Henderson,KY,37.8362,-87.59,28890
Needham,MA,42.2834,-71.2328,28886
Crown Point,IN,41.417,-87.3653,28879
Big Spring,TX,32.2504,-101.4787,28862
Dracut,MA,42.6704,-71.302,28831
Allston,MA,42.3584,-71.1259,28821
Schererville,IN,41.4789,-87.4548,28791
Burton,MI,42.9995,-83.6163,28788
Ridgecrest,CA,35.6225,-117.6709,28780
Windsor,CT,41.8526,-72.6437,28778
Eagle Pass,TX,28.7091,-100.4995,28765
Agawam,MA,42.0695,-72.6148,28761
Weatherford,TX,32.7593,-97.7973,28742
West Elkridge,MD,39.2071,-76.7269,28734
East Chicago,IN,41.6392,-87.4548,28699
Redmond,OR,44.2726,-121.1739,28654
Jacksonville,AR,34.8662,-92.1102,28643
Socorro Mission Number 1 Colonia,TX,31.6362,-106.2905,28637
Norwood,MA,42.1945,-71.1995,28602
Northampton,MA,42.3251,-72.6412,28540
Englewood,NJ,40.8929,-73.9726,28539
Lake Magdalene,FL,28.0742,-82.4718,28509
Perry Hall,MD,39.4126,-76.4636,28474
Maryville,TN,35.7565,-83.9705,28464
Hobart,IN,41.5323,-87.255,28404
Fresh Meadows,NY,40.7348,-73.7935,28397
Frankfort,KY,38.2009,-84.8733,28391
Mehlville,MO,38.5084,-90.3229,28380
Greer,SC,34.9387,-82.2271,28365
Lansing,IL,41.5648,-87.5389,28349
Harrison,NY,40.969,-73.7126,28348
Monterey,CA,36.6002,-121.8947,28338
West Islip,NY,40.7062,-73.3062,28335
Desert Hot Springs,CA,33.9617,-116.5035,28335
American Fork,UT,40.3769,-111.7958,28326
Central,LA,30.5543,-91.0368,28295
Newburgh,NY,41.5034,-74.0104,28290
McCully - Moiliili,HI,21.2946,-157.8312,28249
Chamblee,GA,33.892,-84.2988,28244
Millville,NJ,39.4021,-75.0393,28230
North Andover,MA,42.6987,-71.1351,28222
SeaTac,WA,47.4485,-122.2922,28215
Elmira,NY,42.0898,-76.8077,28213
Spring Valley,CA,32.7448,-116.9989,28205
Stockbridge,GA,33.5443,-84.2338,28202
Glen Ellyn,IL,41.8775,-88.067,28201
Monroeville,PA,40.4212,-79.7881,28176
Benicia,CA,38.0494,-122.1586,28167
Fredericksburg,VA,38.3032,-77.4605,28118
Suisun,CA,38.2383,-122.0402,28111
Aberdeen,SD,45.4647,-98.4865,28102
Cranberry Township,PA,40.685,-80.1071,28098
Garfield Heights,OH,41.417,-81.606,28097
South Chicago,IL,41.7398,-87.5542,28095
Cornelius,NC,35.4868,-80.8601,28092
Oakdale,MN,44.963,-92.9649,28080
Oak Forest,IL,41.6028,-87.7439,28074
Garner,NC,35.7113,-78.6142,28053
Holmesburg,PA,40.0415,-75.028,28046
Drexel Hill,PA,39.9471,-75.2921,28043
Vestal,NY,42.0851,-76.0538,28043
North Kingstown,RI,41.5501,-71.4662,28042
Bella Vista,AR,36.4807,-94.2713,27999
Melrose,MA,42.4584,-71.0662,27997
Fitchburg,WI,42.9608,-89.4698,27996
Gramercy Park,NY,40.7375,-73.9861,27988
Wellesley,MA,42.2965,-71.2926,27982
Enterprise,AL,31.3152,-85.8552,27978
Winchester,NV,36.13,-115.1189,27978
Slidell,LA,30.2752,-89.7812,27942
University Heights,NY,40.8601,-73.9093,27935
West Springfield,MA,42.107,-72.6204,27912
Dodge City,KS,37.7528,-100.0171,27912
Paragould,AR,36.0584,-90.4973,27900
Maywood,CA,33.9867,-118.1853,27888
Seguin,TX,29.5688,-97.9647,27864
Shirley,NY,40.8015,-72.8676,27854
Livingston,NJ,40.7959,-74.3149,27853
Round Lake Beach,IL,42.3717,-88.0901,27852
Sterling,VA,39.0062,-77.4286,27822
Middletown,NY,41.4459,-74.4229,27812
Fountain,CO,38.6822,-104.7008,27767
Saratoga Springs,NY,43.0831,-73.7846,27765
Kirkwood,MO,38.5834,-90.4068,27750
Drexel Heights,AZ,32.1412,-111.0284,27749
Deer Park,NY,40.7618,-73.3293,27745
Lafayette,CO,39.9936,-105.0897,27729
Fridley,MN,45.0861,-93.2633,27713
West Scarborough,ME,43.5704,-70.3878,27706
Queensbury,NY,43.3773,-73.6132,27703
Roslindale,MA,42.2912,-71.1245,27683
Rexburg,ID,43.826,-111.7897,27663
Wheeling,WV,40.064,-80.7209,27648
Shaker Heights,OH,41.4739,-81.5371,27646
Mililani Town,HI,21.4504,-158.015,27629
Bergenfield,NJ,40.9276,-73.9974,27621
Marshalltown,IA,42.0494,-92.908,27620
Tucker,GA,33.8546,-84.2171,27581
Nutley,NJ,40.8223,-74.1599,27572
Port Richmond,PA,39.9935,-75.1002,27554
Lake Jackson,TX,29.0339,-95.4344,27533
Plum,PA,40.5003,-79.7495,27505
Windsor,CA,38.5471,-122.8164,27464
West Chicago,IL,41.8847,-88.204,27447
Allen Park,MI,42.2575,-83.211,27425
Wilmette,IL,42.0722,-87.7228,27413
Imperial Beach,CA,32.5839,-117.1131,27408
Glen Cove,NY,40.8623,-73.6337,27400
Syracuse,UT,41.0894,-112.0647,27395
Maryland Heights,MO,38.7131,-90.4298,27389
Mason City,IA,43.1536,-93.201,27366
Crofton,MD,39.0018,-76.6875,27348
Anderson,SC,34.5034,-82.6501,27335
Eagle Mountain,UT,40.3141,-112.0069,27332
College Point,NY,40.7876,-73.846,27307
Winchester,VA,39.1857,-78.1633,27284
Lindenhurst,NY,40.6868,-73.3735,27277
Spanaway,WA,47.104,-122.4346,27227
Belmont,CA,37.5202,-122.2758,27218
Hunts Point,NY,40.8126,-73.884,27204
Holbrook,NY,40.8123,-73.0784,27195
New London,CT,41.3556,-72.0995,27179
Paso Robles,CA,35.6266,-120.691,27157
Tualatin,OR,45.384,-122.764,27154
Fleming Island,FL,30.0933,-81.719,27126
Winona,MN,44.05,-91.6393,27094
Agua Caliente,CA,38.3241,-122.488,27090
Thomasville,NC,35.8826,-80.082,27061
Casselberry,FL,28.6778,-81.3278,27056
Eureka,CA,40.8021,-124.1637,27017
East Saint Louis,IL,38.6245,-90.1509,27006
Garden City,KS,37.9717,-100.8727,27005
Alton,IL,38.8906,-90.1843,27003
Milton,MA,42.2495,-71.0662,27003
University Park,FL,25.7465,-80.3675,26995
Auburn,NY,42.9317,-76.5661,26985
Williston,ND,48.147,-103.618,26977
Paramus,NJ,40.9445,-74.0754,26974
Back Mountain,PA,41.3359,-75.9963,26973
West Milford,NJ,41.1312,-74.3674,26968
Jeffersontown,KY,38.1942,-85.5644,26946
Garden City,MI,42.3256,-83.331,26920
Horn Lake,MS,34.9554,-90.0348,26915
Stoughton,MA,42.1251,-71.1023,26915
Easton,PA,40.6884,-75.2207,26915
Prairieville,LA,30.303,-90.972,26895
Hyde Park,IL,41.7942,-87.5939,26893
Dix Hills,NY,40.8048,-73.3362,26892
Gladstone,MO,39.2039,-94.5547,26861
Cutler Ridge,FL,25.5807,-80.3467,26831
Independence,KY,38.9431,-84.5441,26819
Watertown,NY,43.9748,-75.9108,26780
Wooster,OH,40.8052,-81.9365,26749
Bessemer,AL,33.4018,-86.9544,26730
Merrimack,NH,42.8651,-71.4934,26726
Lemon Grove,CA,32.7426,-117.0314,26709
Kankakee,IL,41.12,-87.8611,26676
Wethersfield,CT,41.7143,-72.6526,26668
Bristol,TN,36.5951,-82.1887,26666
McHenry,IL,42.3334,-88.2668,26657
Saugus,MA,42.4648,-71.0101,26628
Stevens Point,WI,44.5236,-89.5746,26604
West Linn,OR,45.3657,-122.6123,26593
Superior,WI,46.7208,-92.1041,26579
Tujunga,CA,34.2522,-118.2884,26527
Greenville,TX,33.1384,-96.1108,26515
Magna,UT,40.7091,-112.1016,26505
Batavia,IL,41.85,-88.3126,26495
Cantonment,FL,30.6085,-87.34,26493
Danvers,MA,42.5751,-70.93,26493
Shoreview,MN,45.0791,-93.1472,26477
Paradise,CA,39.7596,-121.6219,26476
Fremont,NE,41.4333,-96.4981,26474
Smithtown,NY,40.8559,-73.2007,26470
Pearl,MS,32.2746,-90.132,26462
Mansfield City,CT,41.7659,-72.2337,26439
Mercerville-Hamilton Square,NJ,40.2313,-74.6722,26419
North Creek,WA,47.8195,-122.1762,26410
Carbondale,IL,37.7273,-89.2168,26399
Westport,CT,41.1415,-73.3579,26391
Medina,OH,41.1384,-81.8637,26339
Bay Shore,NY,40.7251,-73.2454,26337
Kahului,HI,20.8893,-156.4729,26337
Leisure City,FL,25.4954,-80.4292,26324
Vernon Hills,IL,42.2195,-87.9795,26314
Zionsville,IN,39.9509,-86.2619,26296
Norco,CA,33.9311,-117.5487,26289
Wasco,CA,35.5941,-119.341,26279
Mount Pleasant,WI,42.6974,-87.8558,26272
Fortuna Foothills,AZ,32.6578,-114.4119,26265
Barberton,OH,41.0128,-81.6051,26234
Kingsville,TX,27.5159,-97.8561,26225
Statesville,NC,35.7826,-80.8873,26221
Plainview,NY,40.7765,-73.4673,26217
Laurel,MD,39.0993,-76.8483,26215
Carrollton,GA,33.5801,-85.0766,26203
South Pasadena,CA,34.1161,-118.1504,26151
Howard Beach,NY,40.6579,-73.8363,26148
Englewood,IL,41.7798,-87.6459,26121
Four Corners,FL,28.3329,-81.6474,26116
South Laurel,MD,39.0698,-76.8503,26112
Asheboro,NC,35.7079,-79.8136,26103
Buenaventura Lakes,FL,28.3358,-81.3531,26079
Clinton,IA,41.8445,-90.1887,26064
Mount Pleasant,MI,43.5978,-84.7675,26060
Twentynine Palms,CA,34.1356,-116.0542,26025
Huntley,IL,42.1681,-88.4281,26005
Pennsport,PA,39.9276,-75.1505,26000
Xenia,OH,39.6848,-83.9296,25976
Reisterstown,MD,39.4698,-76.8319,25968
Central 14th Street / Spring Road,DC,38.9371,-77.0327,25899
Green,OH,40.9459,-81.4832,25898
Brawley,CA,32.9787,-115.5303,25897
Yukon,OK,35.5067,-97.7625,25892
Ellendale,TN,35.2306,-89.8259,25882
Opportunity,WA,47.6499,-117.2399,25877
Forest Hills,MI,42.9595,-85.4898,25867
Lafayette,CA,37.8858,-122.118,25843
Ramsey,MN,45.2611,-93.45,25828
Suitland,MD,38.8487,-76.9239,25825
Pleasure Ridge Park,KY,38.1454,-85.8583,25813
Rosedale,NY,40.6621,-73.7354,25812
New Lenox,IL,41.512,-87.9656,25800
Madison,MS,32.4618,-90.1154,25799
Neenah,WI,44.1858,-88.4626,25792
Alvin,TX,29.4239,-95.2441,25791
Key West,FL,24.5552,-81.7816,25755
Randolph,NJ,40.8483,-74.5815,25734
Temple Terrace,FL,28.0353,-82.3893,25731
Owatonna,MN,44.0838,-93.226,25725
Homewood,AL,33.4718,-86.8008,25708
Sahuarita,AZ,31.9576,-110.9557,25707
Maple Valley,WA,47.3927,-122.0464,25686
Hazelwood,MO,38.7714,-90.3709,25661
Troy,OH,40.0395,-84.2033,25659
Lemoore,CA,36.3008,-119.7829,25647
Mint Hill,NC,35.1796,-80.6473,25627
Ridgewood,NJ,40.9793,-74.1165,25621
Long Island City,NY,40.7448,-73.9488,25595
Cabot,AR,34.9745,-92.0165,25587
Rhawnhurst,PA,40.0618,-75.0557,25581
Reedley,CA,36.5963,-119.4504,25569
Edgewood,MD,39.4187,-76.2944,25562
Meadow Woods,FL,28.3856,-81.3665,25558
South Portland,ME,43.6415,-70.2409,25556
West Whittier-Los Nietos,CA,33.976,-118.0691,25540
Lebanon,PA,40.3409,-76.4113,25534
Zanesville,OH,39.9404,-82.0132,25498
Colleyville,TX,32.881,-97.155,25487
Canton,GA,34.2368,-84.4908,25469
Ossining,NY,41.1629,-73.8615,25441
Salem,VA,37.2935,-80.0548,25432
Burlington,IA,40.8075,-91.1129,25410
Saratoga Springs,UT,40.3491,-111.9047,25407
Melrose Park,IL,41.9006,-87.8567,25379
Starkville,MS,33.4505,-88.8196,25366
Lochearn,MD,39.3407,-76.7222,25333
Chanhassen,MN,44.8622,-93.5308,25332
Hercules,CA,38.0171,-122.2886,25314
Galt,CA,38.2546,-121.2999,25303
Prior Lake,MN,44.7133,-93.4227,25282
Castlewood,CO,39.5847,-104.9011,25271
Grandview,MO,38.8858,-94.533,25256
Clinton,MS,32.3415,-90.3218,25254
Yarmouth,MA,41.7057,-70.2286,25243
Sandusky,OH,41.4489,-82.708,25212
Balch Springs,TX,32.7287,-96.6228,25210
White Bear Lake,MN,45.0847,-93.0099,25205
Chaska,MN,44.7894,-93.6022,25199
Harvey,IL,41.61,-87.6467,25194
Middle River,MD,39.3343,-76.4394,25191
Woodstock,IL,42.3147,-88.4487,25189
Ardmore,OK,34.1743,-97.1436,25176
Lockport,IL,41.5895,-88.0578,25175
Woodburn,OR,45.1437,-122.8554,25173
Wyandotte,MI,42.2142,-83.1499,25156
Mauldin,SC,34.7787,-82.3101,25135
Belvidere,IL,42.2639,-88.8443,25132
Moscow,ID,46.7324,-117.0002,25060
Milford,MA,42.1398,-71.5162,25055
West Memphis,AR,35.1465,-90.1845,25052
Athens,OH,39.3292,-82.1013,25044
Mercer Island,WA,47.5707,-122.2221,25042
Bridgeton,NJ,39.4273,-75.2341,25031
Maplewood,NJ,40.7312,-74.2735,25008
Soledad,CA,36.4247,-121.3263,25003
Farmington,CT,41.7198,-72.832,25000
Brownsburg,IN,39.8434,-86.3978,24996
Saginaw Township North,MI,43.46,-84.0067,24994
Edwardsville,IL,38.8114,-89.9532,24992
Riverside,OH,39.7798,-84.1241,24972
Athens,AL,34.8024,-86.9722,24966
Woodbridge,CA,33.6772,-117.7944,24966
Liliha - Kapalama,HI,21.3374,-157.8542,24953
Sanger,CA,36.708,-119.556,24950
Westmont,IL,41.7959,-87.9756,24941
Wakefield,MA,42.5065,-71.0728,24932
San Fernando,CA,34.282,-118.439,24931
Rockledge,FL,28.3508,-80.7253,24926
Hastings,NE,40.5861,-98.3884,24924
Cave Spring,VA,37.2276,-80.0128,24922
North Tustin,CA,33.7645,-117.7939,24917
East Amherst,NY,43.0184,-78.6967,24914
Daphne,AL,30.6035,-87.9036,24896
Whitehall Township,PA,40.6668,-75.4999,24896
Paducah,KY,37.0834,-88.6,24864
Cliffside Park,NJ,40.8215,-73.9876,24857
Elmwood Park,IL,41.9211,-87.8092,24840
Vineyard,CA,38.4645,-121.3469,24836
Lodi,NJ,40.8823,-74.0832,24835
Hazleton,PA,40.9584,-75.9746,24825
Coronado,CA,32.6859,-117.1831,24812
Hillside,NY,40.7079,-73.7868,24808
Eagle River,AK,61.3214,-149.5678,24793
South Salt Lake,UT,40.7188,-111.8883,24788
Paris,TX,33.6609,-95.5555,24782
Mo'ili'ili,HI,21.2947,-157.83,24778
Northport,AL,33.229,-87.5772,24772
University Park,TX,32.8501,-96.8003,24759
Uniondale,NY,40.7004,-73.5929,24759
Ponca City,OK,36.707,-97.0856,24758
Muskego,WI,42.9059,-88.139,24755
Collinsville,IL,38.6703,-89.9845,24754
Reading,MA,42.5256,-71.0953,24747
Short Pump,VA,37.6504,-77.6125,24729
Belmont,MA,42.3959,-71.1787,24729
Dedham,MA,42.2418,-71.1662,24729
De Pere,WI,44.4489,-88.0604,24724
Caledonia,WI,42.8078,-87.9243,24684
Inkster,MI,42.2942,-83.3099,24672
Vincentown,NJ,39.934,-74.7485,24664
Bixby,OK,35.942,-95.8833,24657
Emporia,KS,38.4039,-96.1817,24649
Fort Dodge,IA,42.4975,-94.168,24649
Walker,MI,43.0014,-85.7681,24647
Ottumwa,IA,41.02,-92.4113,24624
Junction City,KS,39.0286,-96.8314,24621
Seal Beach,CA,33.7414,-118.1048,24619
Tarpon Springs,FL,28.1461,-82.7568,24605
Franklin,IN,39.4806,-86.055,24598
Herndon,VA,38.9695,-77.3861,24568
Austin,MN,43.6666,-92.9746,24563
Sachse,TX,32.9762,-96.5953,24554
Sun City West,AZ,33.662,-112.3413,24535
Watauga,TX,32.8579,-97.2547,24525
Burlington,MA,42.5048,-71.1956,24498
San Benito,TX,26.1326,-97.6311,24496
Freeport,IL,42.2967,-89.6212,24476
Forest Grove,OR,45.5198,-123.1107,24457
Palmetto Bay,FL,25.6218,-80.3248,24439
Staunton,VA,38.1499,-79.0732,24416
Selma,CA,36.5708,-119.6121,24414
South Windsor,CT,41.8237,-72.6212,24412
North Potomac,MD,39.0829,-77.265,24410
Homer Glen,IL,41.6,-87.9381,24395
Coral Terrace,FL,25.7459,-80.3045,24376
Norfolk,NE,42.0283,-97.417,24366
Ridgeland,MS,32.4285,-90.1323,24351
Scaggsville,MD,39.1451,-76.9002,24333
Cudahy,CA,33.9606,-118.1853,24311
Washington,UT,37.1305,-113.5083,24299
New Smyrna Beach,FL,29.0258,-80.927,24298
South Plainfield,NJ,40.5793,-74.4115,24290
Pasadena,MD,39.119,-76.5711,24287
Columbine,CO,39.5878,-105.0694,24280
Greenbelt,MD,39.0046,-76.8755,24272
South Riding,VA,38.9209,-77.5039,24256
Citrus Park,FL,28.0784,-82.5698,24252
Boca Del Mar,FL,26.3451,-80.1467,24244
Newport,RI,41.4901,-71.3128,24232
Norton Shores,MI,43.1689,-86.2639,24208
Barstow Heights,CA,34.8697,-117.0562,24202
Rockville Centre,NY,40.6587,-73.6412,24201
Searcy,AR,35.2506,-91.7362,24196
North Platte,NE,41.1239,-100.7654,24194
Rolling Meadows,IL,42.0842,-88.0131,24190
Carteret,NJ,40.5773,-74.2282,24170
Immokalee,FL,26.4187,-81.4173,24154
Woodlawn,IL,41.7795,-87.5995,24150
Medford,NY,40.8176,-73.0001,24142
Lawndale,PA,40.0504,-75.0916,24134
Riverbank,CA,37.736,-120.9355,24122
Zion,IL,42.4461,-87.8328,24117
Trotwood,OH,39.7973,-84.3113,24096
North Haven,CT,41.3909,-72.8595,24093
Summerlin South,NV,36.1171,-115.33,24085
Mahwah,NJ,41.0887,-74.1438,24062
Loma Linda,CA,34.0483,-117.2612,24045
Peekskill,NY,41.2901,-73.9204,24043
Keystone,FL,28.1559,-82.6212,24039
Baldwin,NY,40.6565,-73.6093,24033
Fairfax,VA,38.8462,-77.3064,24013
Maywood,IL,41.8792,-87.8431,24012
Sebastian,FL,27.8164,-80.4706,24007
Holt,MI,42.6406,-84.5152,23973
Muscatine,IA,41.4245,-91.0432,23968
Elk River,MN,45.3038,-93.5672,23963
Rock Springs,WY,41.5875,-109.2029,23962
Golden Gate,FL,26.1879,-81.6951,23961
Corsicana,TX,32.0954,-96.4689,23952
Hialeah Gardens,FL,25.8651,-80.3245,23926
Waverly,MI,42.7392,-84.6208,23925
Hunt Valley,MD,39.4998,-76.6411,23915
Fuquay-Varina,NC,35.5843,-78.8,23907
Fountain Hills,AZ,33.6117,-111.7174,23899
Unionport,NY,40.8273,-73.8501,23895
Champlin,MN,45.1889,-93.3975,23894
South Portland Gardens,ME,43.639,-70.3153,23893
Centerville,OH,39.6284,-84.1594,23882
Bloomington,CA,34.0703,-117.3959,23851
Bainbridge Island,WA,47.6262,-122.5212,23840
Morrisville,NC,35.8235,-78.8256,23820
Marshall,TX,32.5449,-94.3674,23820
Watertown,WI,43.1947,-88.729,23819
Kernersville,NC,36.1199,-80.0737,23811
Dickinson,ND,46.8792,-102.7896,23765
Old Bridge,NJ,40.4148,-74.3654,23753
Fort Washington,MD,38.7073,-77.023,23717
Dinuba,CA,36.5433,-119.3871,23702
Van Nest,NY,40.8484,-73.8637,23700
Barstow,CA,34.8986,-117.0228,23692
Fairland,MD,39.0762,-76.9578,23681
Brookings,SD,44.3114,-96.7984,23657
Blue Island,IL,41.6573,-87.68,23652
Faribault,MN,44.295,-93.2688,23650
Chestnut Hill,MA,42.3306,-71.1662,23649
Baileys Crossroads,VA,38.8504,-77.1297,23643
Eagle,ID,43.6954,-116.354,23612
Norland,FL,25.949,-80.2123,23604
Scotch Plains,NJ,40.6554,-74.3899,23584
Glenville,OH,41.5334,-81.6174,23559
El Cerrito,CA,37.9158,-122.3116,23549
Brandon,MS,32.2732,-89.9859,23529
Derby,KS,37.5456,-97.2689,23509
Frankford,PA,40.0138,-75.0786,23503
Graham,WA,47.0529,-122.2943,23491
Ilchester,MD,39.2509,-76.7647,23476
Bayonet Point,FL,28.3267,-82.6834,23467
Easton,MA,42.0245,-71.1287,23459
Loves Park,IL,42.32,-89.0582,23455
Avon Lake,OH,41.5053,-82.0282,23453
San Lorenzo,CA,37.6741,-122.1332,23452
Morton Grove,IL,42.0406,-87.7826,23448
Kingston,NY,41.927,-73.9974,23436
McDonough,GA,33.4473,-84.1469,23417
Romulus,MI,42.2223,-83.3966,23417
Rosemount,MN,44.7394,-93.1258,23413
Northwest One,DC,38.9043,-77.012,23386
Mansfield,MA,42.0334,-71.2189,23380
Eloise,FL,27.9947,-81.7381,23366
Laguna Beach,CA,33.5423,-117.7831,23365
Springfield,PA,39.9307,-75.3202,23363
Bellview,FL,30.4616,-87.315,23355
Manoa,HI,21.3161,-157.8042,23343
Terrytown,LA,29.9102,-90.0326,23319
Crestview,FL,30.7621,-86.5705,23270
Keene,NH,42.9337,-72.2781,23265
Greenwood,SC,34.1954,-82.1618,23260
Gallup,NM,35.5281,-108.7426,23240
South Old Bridge,NJ,40.4082,-74.3543,23233
Duncan,OK,34.5023,-97.9578,23231
Dupont Circle,DC,38.9084,-77.0441,23226
Griffin,GA,33.2468,-84.2641,23211
Dolton,IL,41.6389,-87.6073,23197
Webster Groves,MO,38.5926,-90.3573,23177
Belton,MO,38.812,-94.5319,23168
Columbus,MS,33.4957,-88.4273,23168
Denison,TX,33.7557,-96.5367,23150
East Elmhurst,NY,40.7612,-73.8651,23150
Kerrville,TX,30.0474,-99.1403,23136
Pooler,GA,32.1155,-81.2471,23133
Mequon,WI,43.2156,-88.03,23132
Vicksburg,MS,32.3526,-90.8779,23131
Wright,FL,30.4557,-86.6383,23127
Morrisania,NY,40.8293,-73.9065,23127
Pacific Palisades,CA,34.0481,-118.5265,23121
Palm City,FL,27.1678,-80.2662,23120
Middleborough,MA,41.8932,-70.9112,23116
Arnold,MD,39.0321,-76.5027,23106
Isla Vista,CA,34.4133,-119.861,23096
Vero Beach South,FL,27.6164,-80.4131,23092
Van Buren,AR,35.4368,-94.3483,23081
East Peoria,IL,40.6662,-89.5801,23080
Landover,MD,38.934,-76.8966,23078
Windham,CT,41.6998,-72.157,23072
Jacksonville Beach,FL,30.2947,-81.3931,23064
Calabasas,CA,34.1578,-118.6384,23058
Solon,OH,41.3898,-81.4412,23043
Chantilly,VA,38.8943,-77.4311,23039
Candler-McAfee,GA,33.7267,-84.2725,23025
Roselle,IL,41.9847,-88.0798,22994
Copiague,NY,40.6815,-73.3998,22993
Westpark,CA,33.6853,-117.8137,22993
Munster,IN,41.5645,-87.5125,22984
Ladera Ranch,CA,33.5709,-117.6356,22980
Lisle,IL,41.8011,-88.0748,22964
Picnic Point-North Lynnwood,WA,47.8628,-122.295,22953
East Naples,FL,26.1384,-81.7665,22951
Crystal,MN,45.0327,-93.3602,22943
Cloverleaf,TX,29.7783,-95.1719,22942
Dixiana,AL,33.7402,-86.6494,22940
Highland,IN,41.5536,-87.452,22936
Machesney Park,IL,42.3472,-89.039,22927
Morgan Park,IL,41.6903,-87.6667,22924
Noe Valley,CA,37.7502,-122.4337,22893
East Tremont,NY,40.8454,-73.891,22886
Pelham,AL,33.2857,-86.81,22885
Auburn,ME,44.0979,-70.2312,22871
Tremont,NY,40.8495,-73.9057,22870
Lincolnia,VA,38.8184,-77.1433,22855
Valinda,CA,34.0453,-117.9437,22822
Marysville,OH,40.2364,-83.3671,22817
Haines City,FL,28.1145,-81.6201,22807
Columbus,NE,41.4297,-97.3684,22797
Bristol,RI,41.6771,-71.2662,22795
Millbrae,CA,37.5986,-122.3872,22795
Newberg,OR,45.3001,-122.9732,22780
The Crossings,FL,25.6707,-80.4012,22758
Valley Station,KY,38.1112,-85.8702,22756
Lennox,CA,33.9381,-118.3526,22753
East Lake-Orient Park,FL,27.9827,-82.3788,22753
Farmington,MN,44.6402,-93.1436,22731
Wilsonville,OR,45.2998,-122.7737,22729
Hutto,TX,30.5427,-97.5467,22722
Bloomingdale,FL,27.8936,-82.2404,22711
West Odessa,TX,31.8423,-102.4988,22707
Inglewood-Finn Hill,WA,47.7205,-122.2317,22707
Oak Harbor,WA,48.2932,-122.6432,22693
'Ewa Gentry,HI,21.34,-158.0304,22690
Oak Ridge,FL,28.4711,-81.4245,22685
Rosemont,CA,38.5519,-121.3647,22681
Auburn Hills,MI,42.6875,-83.2341,22672
Pottstown,PA,40.2454,-75.6496,22664
West Puente Valley,CA,34.0517,-117.9684,22636
Maple Heights,OH,41.4153,-81.566,22631
Willoughby,OH,41.6398,-81.4065,22631
Benbrook,TX,32.6732,-97.4606,22629
Cranford,NJ,40.6584,-74.2996,22627
Garden City,NY,40.7268,-73.6343,22612
Farmington,UT,40.9805,-111.8874,22566
Wasco,IL,41.9381,-88.4045,22560
Hastings,MN,44.7433,-92.8524,22554
Avon,OH,41.4517,-82.0354,22544
Visitacion Valley,CA,37.7171,-122.4043,22534
North Augusta,SC,33.5018,-81.9651,22522
Guilford,CT,41.289,-72.6818,22498
Cottage Lake,WA,47.7443,-122.0773,22494
Corcoran,CA,36.098,-119.5604,22477
Melrose,NY,40.8246,-73.9104,22470
East Patchogue,NY,40.767,-72.9962,22469
West Springfield,VA,38.7726,-77.2211,22460
Wahiawa-Whitmore,HI,21.5056,-158.0335,22448
Hudson,OH,41.2401,-81.4407,22437
Port Hueneme,CA,34.1478,-119.1951,22423
Holiday,FL,28.1878,-82.7395,22403
Near South Side,IL,41.8567,-87.6248,22401
Radcliff,KY,37.8404,-85.9491,22387
Hopewell,VA,37.3043,-77.2872,22378
New Castle,PA,41.0037,-80.347,22375
Grand Boulevard,IL,41.8139,-87.6173,22373
South Elgin,IL,41.9942,-88.2923,22365
Prichard,AL,30.7388,-88.0789,22351
New Brighton,MN,45.0655,-93.2019,22351
Anniston,AL,33.6598,-85.8316,22347
Palm Springs,FL,26.6359,-80.0961,22341
Ruston,LA,32.5232,-92.6379,22340
Wilmington,MA,42.5465,-71.1737,22325
Midlothian,TX,32.4824,-96.9945,22318
Oxford,MS,34.3665,-89.5192,22314
Oakdale,CA,37.7666,-120.8471,22259
Darien,IL,41.752,-87.974,22256
Bloomingdale,IL,41.9575,-88.0809,22254
Northwood,CA,33.7137,-117.7609,22218
Venice,FL,27.0998,-82.4543,22211
Ludlow,MA,42.1601,-72.4759,22201
South Bradenton,FL,27.4631,-82.5818,22178
Hillside,NJ,40.7012,-74.2301,22155
Foggy Bottom,DC,38.9015,-77.0622,22146
North Plainfield,NJ,40.6301,-74.4274,22140
Acworth,GA,34.0663,-84.6784,22131
Pascagoula,MS,30.3658,-88.5561,22126
Sunny Isles Beach,FL,25.9506,-80.1228,22123
Roseburg,OR,43.2165,-123.3417,22114
Oxford,OH,39.507,-84.7452,22104
Merrick,NY,40.6629,-73.5515,22097
Somerset,NJ,40.4976,-74.4885,22083
Moses Lake,WA,47.1301,-119.2781,22082
Saginaw,TX,32.8601,-97.3639,22079
Greater Northdale,FL,28.1055,-82.5259,22079
Northdale,FL,28.0939,-82.5056,22079
Summit,NJ,40.7156,-74.3647,22074
Watertown,SD,44.8994,-97.1151,22073
Alliance,OH,40.9153,-81.1059,22055
Kalispell,MT,48.1958,-114.3129,22052
South Holland,IL,41.6009,-87.607,22043
Kenmore,WA,47.7573,-122.244,22030
Del City,OK,35.442,-97.4409,22022
Derry,NH,42.8806,-71.3273,22015
Hamtramck,MI,42.3928,-83.0496,22002
Great Kills,NY,40.5543,-74.1515,22000
Wekiwa Springs,FL,28.6986,-81.4256,21998
Leesburg,FL,28.8108,-81.8779,21993
Duarte,CA,34.1394,-117.9773,21990
Converse,TX,29.518,-98.3161,21987
Villa Park,IL,41.8897,-87.989,21969
Decatur,GA,33.7748,-84.2963,21957
Park Forest,IL,41.4914,-87.6745,21954
Christiansburg,VA,37.1298,-80.4089,21943
Jurupa Valley,CA,33.9925,-117.5164,21930
Logan,PA,40.0284,-75.1516,21926
Ashland,CA,37.6947,-122.1138,21925
West and East Lealman,FL,27.8199,-82.6894,21924
Farragut,TN,35.8845,-84.1535,21919
La Porte,IN,41.6077,-86.7139,21916
Mount Vernon Triangle,DC,38.9023,-77.0169,21897
Prairie Village,KS,38.9917,-94.6336,21877
Smithfield,RI,41.922,-71.5495,21872
Clarksville,IN,38.2967,-85.76,21866
Wadsworth,OH,41.0256,-81.7298,21860
Camas,WA,45.5871,-122.3995,21846
Fort Walton Beach,FL,30.4206,-86.6171,21817
Geneva,IL,41.8875,-88.3054,21806
Brent,FL,30.4688,-87.2361,21804
South Euclid,OH,41.5231,-81.5185,21794
Brushy Creek,TX,30.5135,-97.7397,21764
Westchase,FL,28.055,-82.6098,21747
Sugar Hill,GA,34.1065,-84.0335,21747
Chillicothe,OH,39.3331,-82.9824,21727
South Lake Tahoe,CA,38.9332,-119.9844,21706
Anthem,AZ,33.8673,-112.1468,21700
West Carson,CA,33.8217,-118.2926,21699
Massapequa,NY,40.6807,-73.4743,21685
Canton,MA,42.1584,-71.1448,21679
Roselle,NJ,40.6522,-74.2588,21670
Lincoln,RI,41.9211,-71.435,21670
Lumberton,NC,34.6183,-79.0105,21667
Taylors,SC,34.9204,-82.2962,21617
Yucca Valley,CA,34.1142,-116.4322,21600
Westford,MA,42.5793,-71.4378,21587
Rittenhouse,PA,39.9485,-75.1721,21582
Edgewater,FL,28.9889,-80.9023,21566
Allison Park,PA,40.5595,-79.9587,21552
Bloomfield,CT,41.8265,-72.7301,21535
Bay Point,CA,38.0291,-121.9616,21534
Portsmouth,NH,43.077,-70.7577,21530
Sedalia,MO,38.7045,-93.2283,21516
Naples,FL,26.1423,-81.796,21512
Patterson,CA,37.4716,-121.1297,21498
Greenfield,IN,39.785,-85.7694,21497
Waynesboro,VA,38.0685,-78.8895,21491
H Street NE,DC,38.9001,-76.9959,21480
Albertville,AL,34.2678,-86.2088,21462
Wissinoming,PA,40.0223,-75.0632,21445
Stoneham,MA,42.4801,-71.0995,21437
Tustin Legacy,CA,33.7001,-117.8259,21428
Basking Ridge,NJ,40.7062,-74.5493,21424
Perrysburg,OH,41.557,-83.6272,21423
Erie,CO,40.0503,-105.05,21420
Klamath Falls,OR,42.2249,-121.7817,21399
Clinton,UT,41.1397,-112.0505,21399
Green Valley,AZ,31.8543,-110.9937,21391
Evans,CO,40.3764,-104.6922,21383
Mandan,ND,46.8267,-100.8896,21382
Winchester,MA,42.4523,-71.137,21374
Okemos,MI,42.7223,-84.4275,21369
Arnold,MO,38.4328,-90.3776,21357
East Moline,IL,41.5009,-90.4443,21350
West Pensacola,FL,30.4266,-87.2797,21339
Kinston,NC,35.2627,-77.5816,21337
Shelbyville,TN,35.4834,-86.4603,21317
Marquette,MI,46.5435,-87.3954,21297
Fairfield Heights,IN,39.8286,-86.3822,21285
Biddeford,ME,43.4926,-70.4534,21282
Golden Valley,MN,45.0097,-93.3491,21270
Canyon Lake,TX,29.8752,-98.2625,21262
Conda,ID,42.7283,-111.5324,21260
Oxford,AL,33.6143,-85.835,21249
South Milwaukee,WI,42.9106,-87.8606,21233
Marina,CA,36.6844,-121.8022,21229
Mukilteo,WA,47.9445,-122.3046,21226
Rancho San Diego,CA,32.7473,-116.9353,21208
Charleston,IL,39.4962,-88.1762,21196
Bedford,NH,42.9465,-71.5159,21188
Pleasant Plains,DC,38.9307,-77.0302,21174
Carrboro,NC,35.9101,-79.0753,21156
Crest Hill,IL,41.5547,-88.0987,21153
Saint Andrews,SC,34.043,-81.101,21151
Ashland,KY,38.4784,-82.6379,21108
Hays,KS,38.8792,-99.3268,21092
'Ewa Beach-Iroquois Point,HI,21.3153,-157.9913,21088
Mililani Mauka,HI,21.4779,-157.9945,21075
Ferguson,MO,38.7442,-90.3054,21059
Conway,SC,33.836,-79.0478,21053
Laurelton,NY,40.6702,-73.7466,21053
Lino Lakes,MN,45.1602,-93.0888,21050
West Lake Stevens,WA,47.9934,-122.1018,21047
New Hope,MN,45.038,-93.3866,21032
Palm River-Clair Mel,FL,27.9239,-82.3794,21024
Trussville,AL,33.6198,-86.6089,21023
Woodrow,NY,40.5415,-74.1911,21005
Corinth,TX,33.154,-97.0647,20998
Mountlake Terrace,WA,47.7882,-122.3087,20989
Chester,VA,37.3568,-77.4416,20987
Nixa,MO,37.0434,-93.2943,20984
East Ridge,TN,35.0142,-85.2519,20979
Makakilo-Makaiwa Hills-Kunia,HI,21.3668,-158.0733,20967
Plainview,TX,34.1848,-101.7068,20919
Grayslake,IL,42.3445,-88.0417,20915
Agoura Hills,CA,34.1364,-118.7745,20915
Acton,MA,42.4851,-71.4328,20897
Sanford,ME,43.4393,-70.7742,20893
Silver Firs,WA,47.866,-122.1551,20891
Hauppauge,NY,40.8257,-73.2026,20882
Kihei,HI,20.7646,-156.4458,20881
South El Monte,CA,34.0519,-118.0467,20878
Kaimuki,HI,21.2791,-157.8014,20878
Arvin,CA,35.2091,-118.8284,20876
Johnston,IA,41.673,-93.6977,20871
Gardner,KS,38.8108,-94.9272,20868
Lathrop,CA,37.8227,-121.2766,20866
Ashland,OR,42.1946,-122.7095,20861
Sidney,OH,40.2842,-84.1555,20858
Birmingham,MI,42.5467,-83.2113,20857
Sweetwater,FL,25.7634,-80.3731,20840
Milwaukie,OR,45.4462,-122.6393,20830
East Millcreek,UT,40.7,-111.8105,20816
Grand Island,NY,43.0331,-78.9625,20813
Union City,GA,33.5871,-84.5424,20805
Woodlawn,VA,38.7168,-77.1328,20804
Piqua,OH,40.1448,-84.2424,20790
Lomita,CA,33.7922,-118.3151,20785
Cockeysville,MD,39.4812,-76.6439,20776
Easley,SC,34.8298,-82.6015,20765
New Springville,NY,40.5934,-74.1632,20756
Pleasantville,NJ,39.3898,-74.524,20755
Liberal,KS,37.0431,-100.921,20746
Palisades Park,NJ,40.8482,-73.9976,20743
Jenks,OK,36.0229,-95.9683,20740
Simpsonville,SC,34.7371,-82.2543,20736
Latham,NY,42.747,-73.759,20736
Darien,CT,41.0787,-73.4693,20732
Pleasant Prairie,WI,42.5531,-87.9334,20726
NoMa,DC,38.9037,-77.006,20700
Mountain Brook,AL,33.5009,-86.7522,20691
Chambersburg,PA,39.9376,-77.6611,20691
Adrian,MI,41.8976,-84.0372,20691
West Melbourne,FL,28.0717,-80.6534,20679
East Garfield Park,IL,41.8809,-87.7028,20656
Rotterdam,NY,42.787,-73.971,20652
Lakeside,CA,32.8573,-116.9223,20648
Kalihi Valley,HI,21.3637,-157.8429,20647
Bethany,OR,45.5579,-122.8676,20646
Lake Worth Corridor,FL,26.6165,-80.101,20635
Winter Gardens,CA,32.8312,-116.9334,20631
Lockport,NY,43.1706,-78.6903,20624
Lebanon,OH,39.4353,-84.203,20623
Wade Hampton,SC,34.9037,-82.3332,20622
Murphy,TX,33.0151,-96.6131,20610
Coralville,IA,41.6764,-91.5804,20608
Ensley,FL,30.5188,-87.2728,20602
Sapulpa,OK,35.9987,-96.1142,20579
American Canyon,CA,38.1749,-122.2608,20554
South San Jose Hills,CA,34.0128,-117.9048,20551
Belton,TX,31.056,-97.4644,20547
Agoura,CA,34.1431,-118.7379,20537
Bayville,NJ,39.9093,-74.1549,20512
Arbutus,MD,39.2546,-76.7,20483
Hammond,LA,30.5046,-90.4629,20480
Schofield-Wheeler,HI,21.4839,-158.0468,20452
Libertyville,IL,42.2831,-87.9531,20436
Pittsburg,KS,37.4109,-94.705,20409
Portsmouth,OH,38.7317,-82.9977,20409
Granite Bay,CA,38.7632,-121.1638,20402
Charlestown,MA,42.3779,-71.062,20397
Louisville,CO,39.9778,-105.1319,20396
Northfield,MN,44.4583,-93.1616,20380
Rocky River,OH,41.4756,-81.8393,20376
Raymore,MO,38.8019,-94.4527,20374
Middletown,DE,39.4496,-75.7163,20372
Havelock,NC,34.879,-76.9013,20364
Harvey,LA,29.9035,-90.0773,20348
Gardner,MA,42.5751,-71.9981,20333
Golden,CO,39.7555,-105.2211,20330
Douglas,IL,41.8348,-87.6181,20323
Cartersville,GA,34.1653,-84.8023,20319
Ashland,OH,40.8687,-82.3182,20317
Oakleaf Plantation,FL,30.1708,-81.8355,20315
Affton,MO,38.5506,-90.3332,20307
Ramona,CA,33.0417,-116.8681,20292
Cambria Heights,NY,40.6945,-73.7385,20287
Elmwood Park,NJ,40.904,-74.1185,20279
Elko,NV,40.8324,-115.7631,20279
Hollis,NY,40.7134,-73.7671,20269
Brooklyn Heights,NY,40.6954,-73.9938,20256
Nogales,AZ,31.3404,-110.9343,20252
Parma Heights,OH,41.3901,-81.7596,20246
La Canada Flintridge,CA,34.1992,-118.1878,20246
Mustang,OK,35.3842,-97.7245,20226
Rose Hill,VA,38.7887,-77.1128,20226
East Northport,NY,40.8768,-73.3246,20217
Glen Avon,CA,34.0117,-117.4848,20199
Sulphur,LA,30.2366,-93.3774,20189
Shelby,NC,35.2923,-81.5357,20189
Montville Center,CT,41.479,-72.1512,20180
Ferndale,MI,42.4606,-83.1346,20177
South Saint Paul,MN,44.8927,-93.0349,20160
Lynn Haven,FL,30.2455,-85.6483,20156
Lents,OR,45.4798,-122.5673,20156
Lake Ronkonkoma,NY,40.8351,-73.1312,20155
Millburn,NJ,40.7248,-74.304,20149
Lexington,SC,33.9815,-81.2362,20138
Murrysville,PA,40.4284,-79.6976,20134
Cumberland,MD,39.6529,-78.7625,20130
Stephenville,TX,32.2207,-98.2023,20120
Oregon,OH,41.6437,-83.4869,20102
Eastmont,WA,47.8974,-122.1815,20101
Monroe,MI,41.9164,-83.3977,20092
Coconut Grove,FL,25.7126,-80.257,20076
West Mifflin,PA,40.3634,-79.8664,20075
Haddington,PA,39.9658,-75.2376,20073
Mill Creek,WA,47.8601,-122.2043,20043
Pace,FL,30.5994,-87.1611,20039
Miamisburg,OH,39.6428,-84.2866,20034
Palm Valley,FL,30.1775,-81.3876,20019
Rolla,MO,37.9514,-91.7713,20019
Tukwila,WA,47.474,-122.261,20018
New Caney,TX,30.1552,-95.2113,20000
DeBary,FL,28.8831,-81.3087,19998
Lyndhurst,NJ,40.812,-74.1243,19996
Lake Zurich,IL,42.197,-88.0934,19993
Germantown,WI,43.2286,-88.1104,19993
Bryant,AR,34.5959,-92.4891,19986
Eustis,FL,28.8528,-81.6853,19986
Universal City,TX,29.548,-98.2911,19986
Newburg,KY,38.1601,-85.6597,19967
Johnstown,PA,40.3267,-78.922,19966
Socastee,SC,33.6835,-78.9984,19952
Ypsilanti,MI,42.2411,-83.613,19945
North Bellmore,NY,40.6915,-73.5335,19941
King of Prussia,PA,40.0893,-75.396,19936
Hayesville,OR,44.986,-122.9829,19936
Cortlandt Manor,NY,41.28,-73.8716,19929
Warrensburg,MO,38.7628,-93.7361,19927
Mokena,IL,41.5261,-87.8892,19923
Norwood,OH,39.1556,-84.4597,19915
Mariners Harbor,NY,40.6368,-74.1587,19905
Bonney Lake,WA,47.1771,-122.1865,19903
Dickinson,TX,29.4608,-95.0513,19895
Clifton,CO,39.0919,-108.449,19889
Lealman,FL,27.8211,-82.6793,19879
Waikiki,HI,21.2855,-157.8359,19862
Hermosa Beach,CA,33.8622,-118.3995,19860
Selden,NY,40.8665,-73.0357,19851
Clemmons,NC,36.0215,-80.382,19844
West Chester,PA,39.961,-75.608,19842
Evergreen Park,IL,41.7206,-87.7017,19841
Southbury,CT,41.4815,-73.2132,19836
Baldwin,PA,40.3381,-79.9789,19819
Marblehead,MA,42.5001,-70.8578,19808
Norton,MA,41.9668,-71.187,19808
Plattsburgh,NY,44.6995,-73.4529,19806
North Salt Lake,UT,40.8486,-111.9069,19796
Sand Springs,OK,36.1398,-96.1089,19783
Painesville,OH,41.7245,-81.2457,19776
Diamond Head / Kapahulu / Saint Louis Heights,HI,21.277,-157.8113,19769
Greenfield,MA,42.5876,-72.5995,19753
Hartranft,PA,39.9848,-75.1471,19748
Pickerington,OH,39.8842,-82.7535,19745
New Canaan,CT,41.1468,-73.4948,19738
Albany,CA,37.8869,-122.2977,19735
Snellville,GA,33.8573,-84.0199,19733
Fox Chase,PA,40.0812,-75.0802,19730
Sparta,NJ,41.0334,-74.6385,19722
Columbia Heights,MN,45.0408,-93.263,19715
Holtsville,NY,40.8154,-73.0451,19714
Salmon Creek,WA,45.7107,-122.649,19686
Kingsessing,PA,39.9368,-75.2296,19668
La Crescenta-Montrose,CA,34.2322,-118.2353,19653
Spanish Lake,MO,38.7878,-90.2159,19650
Willmar,MN,45.1219,-95.0433,19638
Tysons,VA,38.9187,-77.2311,19627
Forest Lake,MN,45.2789,-92.9852,19618
Bethany,OK,35.5187,-97.6323,19589
Sun City,CA,33.7092,-117.1973,19579
Montclair,VA,38.611,-77.3397,19570
Lynbrook,NY,40.6548,-73.6718,19558
Orchards,WA,45.6665,-122.5609,19556
Eastchester,NY,40.9583,-73.8086,19554
Payson,UT,40.0444,-111.7322,19548
West Saint Paul,MN,44.9161,-93.1016,19540
Madisonville,KY,37.3281,-87.4989,19539
Ives Estates,FL,25.9623,-80.1767,19525
Selma,AL,32.4074,-87.0211,19519
Papillion,NE,41.1544,-96.0422,19510
Montgomery,IL,41.7306,-88.3459,19489
Badger,AK,64.8,-147.5333,19482
Seymour,IN,38.9592,-85.8902,19478
Lake Shore,MD,39.1071,-76.485,19477
McKeesport,PA,40.3479,-79.8642,19453
Pinecrest,FL,25.667,-80.3081,19452
Weirton Heights,WV,40.4084,-80.5392,19450
Port Angeles,WA,48.1181,-123.4307,19448
Hazel Dell,WA,45.6715,-122.6629,19435
Angleton,TX,29.1694,-95.4319,19429
Fernley,NV,39.608,-119.2518,19418
Alice,TX,27.7523,-98.0697,19408
Lake Forest,IL,42.2586,-87.8406,19408
Battle Ground,WA,45.7809,-122.5334,19407
Dixon,CA,38.4455,-121.8233,19390
Forest Park,GA,33.6221,-84.3691,19383
Mamaroneck,NY,40.9487,-73.7326,19375
Homewood,IL,41.5573,-87.6656,19373
Bear,DE,39.6293,-75.6583,19371
Bayou Cane,LA,29.6241,-90.7512,19355
Orange,TX,30.093,-93.7365,19347
Alsip,IL,41.6689,-87.7387,19346
Lutz,FL,28.1511,-82.4615,19344
Green Haven,MD,39.1395,-76.5477,19326
Lexington,NC,35.824,-80.2534,19326
Bellwood,IL,41.8814,-87.8831,19308
Clayton,NC,35.6507,-78.4564,19304
Central Falls,RI,41.8907,-71.3923,19303
Sun Valley,NV,39.5963,-119.776,19299
Horizon City,TX,31.6926,-106.2075,19288
Sherwood,OR,45.3565,-122.8401,19283
Waterford,CT,41.3417,-72.136,19281
Orinda,CA,37.8772,-122.1797,19279
Pinole,CA,38.0044,-122.2989,19269
Woodbridge,NJ,40.5576,-74.2846,19265
Sun City Center,FL,27.7181,-82.3518,19258
Rosedale,MD,39.3201,-76.5155,19257
Altamont,OR,42.2068,-121.7372,19257
Howard,WI,44.5436,-88.0882,19250
Niu Valley,HI,21.2843,-157.7371,19250
Alamo,TX,26.1837,-98.1231,19246
Broadview Heights,OH,41.3139,-81.6851,19229
Upper Saint Clair,PA,40.3359,-80.0834,19229
Haslett,MI,42.747,-84.4011,19220
West Elsdon,IL,41.7939,-87.7245,19219
Newton,KS,38.0467,-97.345,19216
Glassboro,NJ,39.7029,-75.1118,19216
Altus,OK,34.6381,-99.334,19214
Blythe,CA,33.6103,-114.5964,19208
Silverdale,WA,47.6445,-122.6949,19204
Covington,WA,47.3582,-122.1222,19197
Matteson,IL,41.5039,-87.7131,19195
Tumwater,WA,47.0073,-122.9093,19190
Old Jamestown,MO,38.8349,-90.2851,19184
Weirton,WV,40.419,-80.5895,19175
White Oak,OH,39.2131,-84.5994,19167
Carlisle,PA,40.2015,-77.1889,19143
Mineola,NY,40.7493,-73.6407,19139
Shelbyville,IN,39.5214,-85.7769,19133
Tullahoma,TN,35.362,-86.2094,19128
Ozark,MO,37.0209,-93.206,19120
Secaucus,NJ,40.7895,-74.0565,19104
Jacksonville,IL,39.7339,-90.229,19103
Fairwood,WA,47.4484,-122.1573,19102
Madison,CT,41.2795,-72.5984,19100
Camp Springs,MD,38.804,-76.9066,19096
Ronkonkoma,NY,40.821,-73.143,19082
Saco,ME,43.5009,-70.4428,19078
Maple Shade,NJ,39.9526,-74.9924,19077
Hawthorne,NJ,40.9493,-74.1538,19074
Fresno,TX,29.5389,-95.4474,19069
East Massapequa,NY,40.6734,-73.4365,19069
Amherst Center,MA,42.3754,-72.5192,19065
Montrose,CO,38.4783,-107.8762,19062
Marion Oaks,FL,29.0086,-82.1831,19034
Brownwood,TX,31.7093,-98.9912,19031
Southbridge,MA,42.0751,-72.0334,19030
Deerfield,IL,42.1711,-87.8445,19019
Castaic,CA,34.4889,-118.6229,19015
Ennis,TX,32.3293,-96.6253,19007
Ellensburg,WA,46.9965,-120.5478,19001
Columbia City,WA,47.564,-122.2754,19000
Claremore,OK,36.3126,-95.6161,18997
Waukee,IA,41.6117,-93.8852,18990
Jasmine Estates,FL,28.2931,-82.6901,18989
Melville,NY,40.7934,-73.4151,18985
Petworth,DC,38.9459,-77.025,18983
Kew Gardens,NY,40.7143,-73.831,18983
Middleton,WI,43.0972,-89.5043,18979
Bartow,FL,27.8964,-81.8431,18972
Sylvania,OH,41.7189,-83.713,18965
Rio Rico,AZ,31.4715,-110.9765,18962
Ala Moana - Kaka'ako,HI,21.2965,-157.8567,18957
Murray,KY,36.6103,-88.3148,18954
Arlington,WA,48.1987,-122.1251,18949
North Druid Hills,GA,33.8168,-84.3133,18947
Brookfield,IL,41.8239,-87.8517,18944
North Bay Shore,NY,40.753,-73.2602,18944
Stonegate,CA,33.7053,-117.7401,18938
Avon,CT,41.8098,-72.8307,18932
Milledgeville,GA,33.0801,-83.2321,18931
Stillwater,MN,45.0564,-92.806,18924
Cortland,NY,42.6012,-76.1805,18907
Augusta,ME,44.3106,-69.7795,18899
Berea,OH,41.3662,-81.8543,18874
Capitol Riverfront,DC,38.878,-77.0031,18874
Twinsburg,OH,41.3126,-81.4401,18872
Wantagh,NY,40.6837,-73.5101,18871
West Hempstead,NY,40.7048,-73.6501,18862
Ansonia,CT,41.3462,-73.079,18854
Troy,AL,31.8088,-85.9699,18853
Mayfield Heights,OH,41.5192,-81.4579,18840
Laurel,MS,31.6941,-89.1306,18837
Syosset,NY,40.8262,-73.5021,18829
Brook Park,OH,41.3984,-81.8046,18809
Union Hill-Novelty Hill,WA,47.6789,-122.0283,18805
Erlanger,KY,39.0167,-84.6008,18797
Park View,DC,38.9321,-77.0236,18796
Rossville,NY,40.5493,-74.2102,18792
South Burlington,VT,44.467,-73.171,18791
Mount Greenwood,IL,41.6981,-87.7087,18783
Casa de Oro-Mount Helix,CA,32.764,-116.9688,18762
Langley Park,MD,38.9887,-76.9814,18755
Brigham City,UT,41.5102,-112.0155,18752
Thomasville,GA,30.8366,-83.9788,18742
Fairmont,WV,39.4851,-80.1426,18733
Fairhope,AL,30.523,-87.9033,18730
Mission Hill,MA,42.3344,-71.1085,18722
Greater Upper Marlboro,MD,38.8314,-76.7483,18720
Frederickson,WA,47.0962,-122.3587,18719
Iselin,NJ,40.5754,-74.3224,18695
Suwanee,GA,34.0515,-84.0713,18694
Whitehall,OH,39.9667,-82.8855,18694
Rutherford,NJ,40.8265,-74.1068,18690
Islip,NY,40.7298,-73.2104,18689
Forest Park,OH,39.2903,-84.5041,18676
Westminster,MD,39.5754,-76.9958,18670
Frankfort,IL,41.4959,-87.8487,18653
Niles,OH,41.1828,-80.7654,18651
Marshfield,WI,44.6688,-90.1718,18620
Lorton,VA,38.7043,-77.2278,18610
Morristown,NJ,40.7968,-74.4815,18594
Gautier,MS,30.3858,-88.6117,18570
Bourbonnais,IL,41.1538,-87.8875,18569
Goodings Grove,IL,41.6292,-87.9309,18569
Macomb,IL,40.4592,-90.6718,18547
Point Pleasant,NJ,40.0832,-74.0682,18523
Bellaire,TX,29.7058,-95.4588,18518
El Reno,OK,35.5323,-97.955,18516
East Mount Airy,PA,40.0645,-75.1875,18516
Chowchilla,CA,37.123,-120.2602,18510
Mead Valley,CA,33.8334,-117.2961,18510
Hyattsville,MD,38.9559,-76.9455,18501
Happy Valley,OR,45.4468,-122.5304,18493
Onalaska,WI,43.8844,-91.2351,18468
Round Lake,IL,42.3534,-88.0934,18461
Stafford,TX,29.6161,-95.5577,18459
Yorkville,IL,41.6411,-88.4473,18451
Winchester,KY,37.9901,-84.1796,18446
North Ogden,UT,41.3072,-111.9602,18446
Bensenville,IL,41.955,-87.9401,18440
Forney,TX,32.7482,-96.4719,18418
Monsey,NY,41.1112,-74.0685,18412
Fern Creek,KY,38.1598,-85.5877,18409
Shenandoah,LA,30.4013,-91.0009,18399
El Dorado,AR,33.2076,-92.6663,18386
Trenton,MI,42.1395,-83.1783,18380
Ashtabula,OH,41.865,-80.7898,18371
Natchitoches,LA,31.7607,-93.0863,18365
Cudahy,WI,42.9597,-87.8615,18353
Dover,NJ,40.884,-74.5621,18346
Ottawa,IL,41.3456,-88.8426,18342
Shafter,CA,35.5005,-119.2718,18336
Midlothian,VA,37.506,-77.6492,18320
Amesbury,MA,42.8584,-70.93,18313
Franklin Park,IL,41.9353,-87.8656,18312
Meadowbrook,VA,37.4488,-77.4735,18312
McAlester,OK,34.9334,-95.7697,18310
Punta Gorda Isles,FL,26.9176,-82.0784,18306
Palestine,TX,31.7621,-95.6308,18288
Sherrelwood,CO,39.8378,-105.0014,18287
Creve Coeur,MO,38.6609,-90.4226,18276
Ballenger Creek,MD,39.3726,-77.4353,18274
Cinco Ranch,TX,29.7388,-95.758,18274
Helena,AL,33.2962,-86.8436,18264
Palmer,MA,42.1584,-72.3287,18261
Belle Glade,FL,26.6845,-80.6676,18251
Makakilo,HI,21.3524,-158.0865,18248
Franconia,VA,38.7821,-77.1464,18245
Eastlake,OH,41.6539,-81.4504,18232
Manchester,MO,38.597,-90.5093,18229
Cameron Park,CA,38.6688,-120.9872,18228
Steubenville,OH,40.3698,-80.634,18219
Springboro,OH,39.5523,-84.2333,18213
Wallingford Center,CT,41.4499,-72.8189,18209
Lanham-Seabrook,MD,38.9684,-76.8511,18190
Clark-Fulton,OH,41.464,-81.7098,18185
Farmington,MO,37.7809,-90.4218,18181
Pampa,TX,35.5362,-100.9599,18177
Somerset,MA,41.7696,-71.1287,18165
Florida Ridge,FL,27.5803,-80.3867,18164
Five Corners,WA,45.6846,-122.5751,18159
Boone,NC,36.2168,-81.6745,18156
Seminole,FL,27.8397,-82.7912,18153
Punta Gorda,FL,26.9298,-82.0454,18150
Rosamond,CA,34.8641,-118.1634,18150
Cutler,FL,25.6151,-80.3106,18117
Mattoon,IL,39.4831,-88.3728,18113
Arroyo Grande,CA,35.1186,-120.5907,18108
Anacortes,WA,48.5126,-122.6127,18103
Monroe,WA,47.8554,-121.971,18090
Rancho Mirage,CA,33.7397,-116.4128,18083
Limerick,PA,40.2309,-75.5221,18074
Mililani Mauka / Launani Valley,HI,21.4789,-157.988,18072
Wilton,CT,41.1954,-73.4379,18062
Huntington,NY,40.8681,-73.4257,18046
Ojus,FL,25.9484,-80.1506,18036
Santa Fe Springs,CA,33.9472,-118.0854,18026
Vincennes,IN,38.6773,-87.5286,18012
Amsterdam,NY,42.9387,-74.1882,18008
Durango,CO,37.2753,-107.8801,18006
Dumont,NJ,40.9406,-73.9968,18001
Hanahan,SC,32.9185,-80.022,17997
Central Point,OR,42.376,-122.9164,17995
Highland,UT,40.4255,-111.7945,17989
Elizabeth City,NC,36.2946,-76.2511,17988
Newburyport,MA,42.8126,-70.8773,17982
Rockland,MA,42.1307,-70.9162,17982
Westbrook,ME,43.677,-70.3712,17978
St. Marys,GA,30.7305,-81.5465,17968
Cary,IL,42.212,-88.2381,17965
Lackawanna,NY,42.8256,-78.8234,17965
Westerly,RI,41.3776,-71.8273,17936
Maumelle,AR,34.8668,-92.4043,17931
Leland,NC,34.2563,-78.0447,17924
Wisconsin Rapids,WI,44.3836,-89.8174,17897
Lenoir,NC,35.914,-81.539,17888
North Massapequa,NY,40.7009,-73.4621,17886
Scarsdale,NY,41.0051,-73.7846,17885
Nanuet,NY,41.0887,-74.0135,17882
Gretna,LA,29.9147,-90.054,17880
Sheridan,WY,44.7972,-106.9562,17873
North Amityville,NY,40.6976,-73.4251,17862
Tacony,PA,40.0312,-75.0443,17846
Arcata,CA,40.8665,-124.0828,17843
Hannibal,MO,39.7084,-91.3585,17839
Wahiawa,HI,21.5028,-158.0246,17821
Colonial Heights,VA,37.268,-77.4073,17820
Marion,IL,37.7306,-88.9331,17803
Colonia,NJ,40.5746,-74.3021,17795
Logansport,IN,40.7545,-86.3567,17793
Oswego,NY,43.4554,-76.5105,17787
Linda,CA,39.1277,-121.5508,17773
Tinton Falls,NJ,40.3043,-74.1004,17772
Godfrey,IL,38.9556,-90.1868,17759
Portsmouth,RI,41.6023,-71.2503,17756
Times Square,NY,40.7564,-73.9864,17749
West Garfield Park,IL,41.8806,-87.7292,17742
Willimantic,CT,41.7107,-72.2081,17737
Calverton,MD,39.0576,-76.9358,17724
Oxon Hill,MD,38.8034,-76.9897,17722
Takoma Park,MD,38.9779,-77.0075,17713
Wallingford,CT,41.457,-72.8232,17712
Sycamore,IL,41.9889,-88.6868,17712
Cocoa,FL,28.3861,-80.742,17711
Martinsburg,WV,39.4562,-77.9639,17700
Marco Island,FL,25.9412,-81.7184,17690
Tiffin,OH,41.1145,-83.178,17687
Hunting Park,PA,40.0165,-75.1438,17682
Albert Lea,MN,43.648,-93.3683,17674
Golden Triangle,DC,38.9052,-77.0436,17674
South Hadley,MA,42.2584,-72.5745,17652
Juniata Park,PA,40.0085,-75.1088,17643
Shaw,DC,38.9121,-77.0214,17639
Ocean Springs,MS,30.4113,-88.8278,17636
Hinsdale,IL,41.8009,-87.937,17628
Brightwood,DC,38.9612,-77.0275,17624
New Castle,IN,39.9289,-85.3702,17621
Winthrop,MA,42.3751,-70.9828,17618
Lindenwold,NJ,39.8243,-74.9977,17613
Kenwood,IL,41.8092,-87.5975,17601
Bay City,TX,28.9828,-95.9694,17598
Hopkins,MN,44.925,-93.4627,17591
Allendale,MI,42.9723,-85.9536,17579
University City,PA,39.9507,-75.1948,17578
Back Bay,MA,42.3501,-71.087,17577
Menasha,WI,44.2022,-88.4465,17572
Palos Hills,IL,41.6967,-87.817,17565
Prunedale,CA,36.7758,-121.6697,17560
Culpeper,VA,38.4732,-77.9967,17557
Stevenson Ranch,CA,34.3905,-118.5737,17557
South Houston,TX,29.663,-95.2355,17544
Kirksville,MO,40.1947,-92.5833,17520
Tallmadge,OH,41.1014,-81.4418,17512
North Babylon,NY,40.7165,-73.3218,17509
Mesquite,NV,36.8055,-114.0672,17496
New Philadelphia,OH,40.4898,-81.4457,17484
Saint Matthews,KY,38.2529,-85.6558,17472
Maitland,FL,28.6278,-81.3631,17463
North Aurora,IL,41.8061,-88.3273,17456
Safety Harbor,FL,27.9908,-82.6932,17454
North Canton,OH,40.8759,-81.4023,17441
East Hemet,CA,33.74,-116.9389,17418
White Oak,MD,39.0398,-76.993,17403
Radford,VA,37.1318,-80.5764,17403
Tillmans Corner,AL,30.5902,-88.1708,17398
Nicetown-Tioga,PA,40.0099,-75.1639,17382
Detroit-Shoreway,OH,41.4777,-81.7299,17382
Wilton,NY,43.1801,-73.7443,17361
Anoka,MN,45.1977,-93.3872,17350
East Cleveland,OH,41.5331,-81.579,17344
Sudbury,MA,42.3834,-71.4162,17343
Plainville,CT,41.6745,-72.8582,17328
Ada,OK,34.7745,-96.6783,17303
Middletown,RI,41.5457,-71.2914,17303
Glassmanor,MD,38.819,-76.9986,17295
South Orange,NJ,40.749,-74.2613,17295
Idylwood,VA,38.8951,-77.2117,17288
Seabrook,MD,38.974,-76.849,17287
Durant,OK,33.994,-96.3708,17286
Killingly Center,CT,41.8387,-71.8692,17282
Kings Park,NY,40.8862,-73.2573,17282
Canby,OR,45.2629,-122.6926,17271
Poplar Bluff,MO,36.757,-90.3929,17266
Moraga,CA,37.8349,-122.1297,17256
Redland,MD,39.1454,-77.1441,17242
Massapequa Park,NY,40.6804,-73.4551,17232
Kuna,ID,43.4918,-116.4201,17226
Foley,AL,30.4066,-87.6836,17218
Ruskin,FL,27.7209,-82.4331,17208
Hermiston,OR,45.8404,-119.2895,17201
Nederland,TX,29.9744,-93.9924,17196
Greenfield,CA,36.3208,-121.2438,17184
Ashwaubenon,WI,44.4822,-88.0701,17176
Live Oak,CA,36.9836,-121.9805,17158
Bristol,VA,36.5965,-82.1885,17141
Frankford,MD,39.3293,-76.5446,17135
Okolona,KY,38.1412,-85.6877,17134
Bayside,CA,40.8424,-124.0637,17132
Wyckoff,NJ,41.0095,-74.1729,17124
Woodmere,NY,40.632,-73.7126,17121
Huntington,IN,40.8831,-85.4975,17095
Imperial,CA,32.8475,-115.5694,17095
Wayne,MI,42.2814,-83.3863,17081
White Settlement,TX,32.7596,-97.4583,17077
Eloy,AZ,32.7559,-111.5548,17059
Beckley,WV,37.7782,-81.1882,17056
Broad Ripple,IN,39.8667,-86.1416,17041
El Segundo,CA,33.9192,-118.4165,17037
Holden,MA,42.3518,-71.8634,17016
Avenel,NJ,40.5804,-74.2852,17011
East Setauket,NY,40.9415,-73.1059,17006
Goodlettsville,TN,36.3231,-86.7133,16994
Fayetteville,GA,33.4487,-84.4549,16990
Elmwood,PA,39.9179,-75.228,16988
Colchester,VT,44.5439,-73.1479,16986
Altoona,IA,41.6442,-93.4647,16984
Terrell,TX,32.736,-96.2753,16981
Point Breeze,PA,39.9335,-75.178,16977
Artesia,CA,33.8659,-118.0831,16961
South Ogden,UT,41.1919,-111.9713,16955
La Vista,NE,41.1839,-96.0311,16921
Hanover,MA,42.1132,-70.812,16906
Tanque Verde,AZ,32.2517,-110.7373,16901
Glenvar Heights,FL,25.7076,-80.3256,16898
Pendleton,OR,45.6721,-118.7886,16881
Centerville,UT,40.918,-111.8722,16877
Parkside,CA,37.742,-122.4863,16874
Sayville,NY,40.7359,-73.0821,16853
Clarksdale,MS,34.2001,-90.5709,16847
Fairview Heights,IL,38.5889,-89.9904,16827
Norwalk,OH,41.2426,-82.6157,16827
San Carlos Park,FL,26.4673,-81.8015,16824
Concord,MA,42.4604,-71.349,16810
Springfield,TN,36.5092,-86.885,16808
New Milford,NJ,40.9351,-74.019,16801
North Attleborough Center,MA,41.9726,-71.3247,16796
Country Club Hills,IL,41.5681,-87.7203,16795
Lemont,IL,41.6736,-88.0017,16788
Sartell,MN,45.6216,-94.2069,16788
Parkwood Manor,PA,40.0934,-74.968,16787
Dyersburg,TN,36.0345,-89.3856,16781
Defiance,OH,41.2845,-84.3558,16776
Beltsville,MD,39.0348,-76.9075,16772
Centralia,WA,46.7162,-122.9543,16753
Chalmette,LA,29.943,-89.9654,16751
Shorewood,IL,41.52,-88.2017,16747
Ferndale,MD,39.1832,-76.6402,16746
Mount Vernon,OH,40.3934,-82.4857,16742
Westchester,IL,41.8506,-87.882,16729
Bluffton,SC,32.2371,-80.8604,16728
Tifton,GA,31.4505,-83.5085,16725
Auburn,MA,42.1945,-71.8356,16724
Nipomo,CA,35.0427,-120.476,16714
Laurel,VA,37.6429,-77.5089,16713
Taylor,TX,30.5708,-97.4094,16702
North Decatur,GA,33.7904,-84.306,16698
Morganton,NC,35.7454,-81.6848,16692
Danville,KY,37.6456,-84.7722,16690
Denville,NJ,40.8923,-74.4774,16669
Barrington,RI,41.7407,-71.3087,16669
Washington,IL,40.7037,-89.4073,16664
Phoenixville,PA,40.1304,-75.5149,16658
Mercedes,TX,26.1498,-97.9136,16657
Center Point,AL,33.6457,-86.6836,16655
Lemay,MO,38.5334,-90.2793,16645
Wolcott,CT,41.6023,-72.9868,16639
Norcross,GA,33.9412,-84.2135,16634
Troutdale,OR,45.5393,-122.3873,16631
Oak Grove,OR,45.4168,-122.6401,16629
North Valley Stream,NY,40.6851,-73.7018,16628
Easton,MD,38.7743,-76.0763,16617
Easthampton,MA,42.2668,-72.669,16611
Bothell West,WA,47.8053,-122.2406,16607
Tahlequah,OK,35.9154,-94.97,16598
Hazel Park,MI,42.4625,-83.1041,16597
Douglas,AZ,31.3446,-109.5453,16592
Opelousas,LA,30.5335,-92.0815,16591
Grafton,MA,42.207,-71.6856,16583
Sandalfoot Cove,FL,26.3386,-80.1869,16582
Brenham,TX,30.1669,-96.3977,16579
Opa-locka,FL,25.9023,-80.2503,16565
Beaver Dam,WI,43.4578,-88.8373,16564
Coalinga,CA,36.1397,-120.3602,16564
Seymour,CT,41.3968,-73.0759,16562
Jenison,MI,42.9072,-85.792,16538
Cohoes,NY,42.7742,-73.7001,16538
Swansea,MA,41.7482,-71.1898,16525
Donna,TX,26.1703,-98.052,16523
Vienna,VA,38.9012,-77.2653,16522
Pinewood,FL,25.869,-80.217,16520
Lansdale,PA,40.2415,-75.2838,16512
Sevierville,TN,35.8681,-83.5618,16490
Chickasha,OK,35.0526,-97.9364,16488
Kingsland,GA,30.8,-81.6898,16487
Lower Moyamensing,PA,39.9196,-75.1647,16481
Uvalde,TX,29.2097,-99.7862,16476
Hillcrest Heights,MD,38.8329,-76.9594,16469
Stuart,FL,27.1975,-80.2528,16462
Fairhaven,MA,41.6376,-70.9036,16453
Avon,IN,39.7628,-86.3997,16451
Zachary,LA,30.6485,-91.1565,16448
Red Wing,MN,44.5625,-92.5338,16445
Sikeston,MO,36.8767,-89.5879,16436
Bethpage,NY,40.7443,-73.4821,16429
Concord,MO,38.5245,-90.3573,16421
Flowing Wells,AZ,32.294,-111.0098,16419
'Ewa Beach,HI,21.3156,-158.0072,16415
Bridgeview,IL,41.75,-87.8042,16407
Fairview Park,OH,41.4414,-81.8643,16407
Laguna Woods,CA,33.6103,-117.7253,16406
Mount Clemens,MI,42.5973,-82.878,16400
Canon City,CO,38.441,-105.2425,16400
Saint Michael,MN,45.21,-93.665,16399
South River,NJ,40.4465,-74.386,16399
Fort Thomas,KY,39.0751,-84.4472,16398
Sunset,FL,25.7059,-80.3523,16389
Prospect Heights,IL,42.0953,-87.9376,16386
Griffith,IN,41.5284,-87.4236,16378
Estelle,LA,29.8458,-90.1067,16377
Schofield Barracks,HI,21.4984,-158.0651,16370
Bon Air,VA,37.5249,-77.5578,16366
Oconomowoc,WI,43.1117,-88.4993,16360
Hough,OH,41.512,-81.6365,16359
Vero Beach,FL,27.6386,-80.3973,16358
Sunnyside,WA,46.3237,-120.0087,16325
Lebanon,OR,44.5365,-122.907,16324
Bayshore Gardens,FL,27.4253,-82.5904,16323
Streetsboro,OH,41.2392,-81.3459,16312
Calhoun,GA,34.5026,-84.951,16309
Fishtown,PA,39.9651,-75.1355,16307
Morton,IL,40.6128,-89.4593,16306
Menomonie,WI,44.8755,-91.9193,16305
Truckee,CA,39.328,-120.1833,16299
Fremont,OH,41.3503,-83.1219,16297
Buckhall,VA,38.7318,-77.4311,16293
Gainesville,TX,33.6259,-97.1333,16292
Aberdeen,WA,46.9754,-123.8157,16276
Baychester,NY,40.8693,-73.8364,16274
Hopatcong Hills,NJ,40.944,-74.6707,16267
Waterville,ME,44.552,-69.6317,16261
Oroville,CA,39.5139,-121.5578,16260
Roosevelt,NY,40.6787,-73.589,16258
Laconia,NH,43.5279,-71.4703,16227
Bellmore,NY,40.6687,-73.5271,16218
Nuuanu - Punchbowl,HI,21.3422,-157.8285,16205
Hibbing,MN,47.4271,-92.9377,16204
Sudley,VA,38.7929,-77.4975,16203
Dublin,GA,32.5404,-82.9038,16197
Kuliouou - Kalani Iki,HI,21.2971,-157.745,16195
Coos Bay,OR,43.3665,-124.2179,16182
Hope Mills,NC,34.9704,-78.9453,16163
Cimarron Hills,CO,38.8586,-104.6989,16161
Katy,TX,29.7858,-95.8244,16158
Brunswick,GA,31.1501,-81.4915,16157
Clarksburg,WV,39.2807,-80.3445,16152
Jollyville,TX,30.4427,-97.775,16151
Highland Village,TX,33.0918,-97.0467,16149
Ocean Acres,NJ,39.7435,-74.281,16142
Wolf Trap,VA,38.9398,-77.2861,16131
Madison,NJ,40.7598,-74.4171,16126
Portland,TX,27.8773,-97.3239,16116
Midway,FL,30.4065,-87.0055,16115
Sulphur Springs,TX,33.1384,-95.6011,16098
Maryland City,MD,39.0921,-76.8178,16093
Siloam Springs,AR,36.1881,-94.5405,16081
Ham Lake,MN,45.2502,-93.2499,16062
West Columbia,SC,33.9935,-81.074,16060
Frankfort,IN,40.2795,-86.5108,16060
Mount Pleasant,TX,33.1568,-94.9683,16051
Dyer,IN,41.4942,-87.5217,16051
Rye,NY,40.9806,-73.6837,16046
Fort Hunt,VA,38.7329,-77.058,16045
Americus,GA,32.0724,-84.2327,16028
Hermitage,PA,41.2334,-80.4487,16028
Buffalo,MN,45.1719,-93.8747,16026
Crawfordsville,IN,40.0412,-86.8744,16024
Lake Mary,FL,28.7589,-81.3178,16021
Republic,MO,37.12,-93.4802,16005
Albemarle,NC,35.3501,-80.2001,16003
Cherry Hill,VA,38.5698,-77.2669,16000
El Camino Real,CA,33.6966,-117.7767,15999
Country Walk,FL,25.634,-80.4323,15997
Riverdale,GA,33.5726,-84.4133,15989
Abington,MA,42.1048,-70.9453,15985
Floral Park,NY,40.7237,-73.7048,15969
Prosper,TX,33.2362,-96.8011,15967
Walnut Park,CA,33.9681,-118.2251,15966
Pecan Grove,TX,29.6261,-95.7316,15963
Overland,MO,38.7012,-90.3623,15959
Grandville,MI,42.9098,-85.7631,15953
Four Corners,OR,44.9279,-122.9837,15947
Sunland Park,NM,31.7965,-106.58,15940
North Liberty,IA,41.7492,-91.5979,15931
Burlington,KY,39.0276,-84.7241,15926
Parole,MD,38.981,-76.545,15922
Vincent,CA,34.5005,-118.1165,15922
Vincent,CA,34.0984,-117.9238,15922
Southchase,FL,28.3931,-81.3834,15921
Ukiah,CA,39.1502,-123.2078,15917
La Marque,TX,29.3686,-94.9713,15908
North Arlington,NJ,40.7884,-74.1332,15904
La Palma,CA,33.8464,-118.0467,15904
Seagoville,TX,32.6396,-96.5383,15894
Lebanon,IN,40.0484,-86.4692,15892
Clayton,MO,38.6425,-90.3237,15884
Pearl River,NY,41.059,-74.0218,15876
Conyers,GA,33.6676,-84.0177,15875
Myrtle Grove,FL,30.421,-87.3075,15870
Aldine,TX,29.9324,-95.3802,15869
Narragansett,RI,41.4501,-71.4495,15868
Kaukauna,WI,44.278,-88.272,15854
Port Washington,NY,40.8257,-73.6982,15846
New Port Richey,FL,28.2442,-82.7193,15842
Aurora,OH,41.3175,-81.3454,15838
Adams Morgan,DC,38.9215,-77.0422,15830
Rutland,VT,43.6106,-72.9726,15824
Asbury Park,NJ,40.2204,-74.0121,15818
Lutherville-Timonium,MD,39.44,-76.611,15814
UC Irvine,CA,33.6397,-117.8416,15807
Ashland,MA,42.2612,-71.4634,15802
Hybla Valley,VA,38.7476,-77.083,15801
Longmeadow,MA,42.0501,-72.5829,15784
Elkton,MD,39.6068,-75.8333,15782
Strawberry Mansion,PA,39.9834,-75.1827,15778
Grosse Pointe Woods,MI,42.4436,-82.9069,15762
Alton,TX,26.2873,-98.3133,15760
Pinehurst,NC,35.1954,-79.4695,15752
Groves,TX,29.9483,-93.9171,15750
West University Place,TX,29.718,-95.4338,15741
Orient Heights,MA,42.3876,-71.0037,15741
Wilkinsburg,PA,40.4417,-79.882,15731
Manassas Park,VA,38.784,-77.4697,15726
Willow Grove,PA,40.144,-75.1157,15726
Gatesville,TX,31.4352,-97.7439,15724
Avon Center,OH,41.4598,-82.0196,15724
La Grange,IL,41.805,-87.8692,15723
Great Bend,KS,38.3645,-98.7648,15717
Shively,KY,38.2001,-85.8227,15713
Highland Springs,VA,37.546,-77.3278,15711
Hueytown,AL,33.4512,-86.9967,15710
Talladega,AL,33.4359,-86.1058,15709
New Haven,IN,41.0706,-85.0144,15709
Mill Creek East,WA,47.836,-122.1877,15709
Koolauloa,HI,21.6058,-157.9265,15697
Middleburg Heights,OH,41.3614,-81.8129,15696
Pacific Grove,CA,36.6177,-121.9166,15674
Mitchell,SD,43.7094,-98.0298,15669
Humble,TX,29.9988,-95.2622,15665
Greenwood Village,CO,39.6172,-104.9508,15663
Bryn Mawr-Skyway,WA,47.4943,-122.2409,15645
Bradley,IL,41.142,-87.8611,15617
McKinley Park,IL,41.8317,-87.6737,15612
Elkridge,MD,39.2126,-76.7136,15593
Aberdeen,MD,39.5096,-76.1641,15580
North Myrtle Beach,SC,33.816,-78.68,15579
Williamstown,NJ,39.6862,-74.9952,15567
Long Beach,MS,30.3505,-89.1528,15555
Otsego,MN,45.2741,-93.5914,15551
Boulder City,NV,35.9786,-114.8325,15551
Fillmore,CA,34.3992,-118.9181,15548
Lake Wales,FL,27.9014,-81.5859,15541
Alum Rock,CA,37.3661,-121.8272,15536
Addison,TX,32.9618,-96.8292,15518
East Riverdale,MD,38.958,-76.911,15509
Laurinburg,NC,34.7741,-79.4628,15507
Hernando,MS,34.824,-89.9937,15503
Hurricane,UT,37.1753,-113.29,15501
Plainfield,CT,41.6765,-71.9151,15498
Hanover,PA,39.8007,-76.983,15496
Lithia Springs,GA,33.794,-84.6605,15491
Farmingville,NY,40.8312,-73.0296,15481
Mastic,NY,40.802,-72.8409,15481
Setauket-East Setauket,NY,40.9306,-73.1018,15477
Harrison,NJ,40.7465,-74.1563,15474
Martha Lake,WA,47.8509,-122.2393,15473
Port Richmond,NY,40.6332,-74.1365,15470
Indianola,IA,41.358,-93.5574,15467
Perry,GA,32.4582,-83.7316,15457
Atwater Village,CA,34.1164,-118.2565,15455
Jasper,IN,38.3914,-86.9311,15451
Winder,GA,33.9926,-83.7202,15447
Clive,IA,41.603,-93.7241,15447
Clemson,SC,34.6834,-82.8374,15446
Greenwood,MS,33.5162,-90.1795,15431
Tavares,FL,28.8042,-81.7256,15430
Great Falls,VA,38.9982,-77.2883,15427
Jamestown,ND,46.9105,-98.7084,15422
Terrace Heights,NY,40.7215,-73.7693,15421
Emerson Hill,NY,40.6087,-74.096,15412
Avocado Heights,CA,34.0361,-117.9912,15411
Kapolei Villages,HI,21.336,-158.067,15408
Eden,NC,36.4885,-79.7667,15403
Bay Village,OH,41.4848,-81.9221,15402
Lake Butler,FL,28.5017,-81.5409,15400
Makakilo City,HI,21.3469,-158.0858,15383
Westbury,NY,40.7557,-73.5876,15379
Bostonia,CA,32.8075,-116.9364,15379
Iona,FL,26.5204,-81.964,15369
Dickson,TN,36.077,-87.3878,15359
Newport,KY,39.0915,-84.4958,15354
Cullman,AL,34.1748,-86.8436,15350
Live Oak,TX,29.5652,-98.3364,15346
Roanoke Rapids,NC,36.4615,-77.6542,15345
Payson,AZ,34.2309,-111.3251,15345
Storrs,CT,41.8084,-72.2495,15344
The Dalles,OR,45.5946,-121.1787,15340
Los Lunas,NM,34.8062,-106.7334,15336
Dixon,IL,41.8389,-89.4796,15319
Bellevue,WI,44.4442,-87.9201,15317
Sunland,CA,34.267,-118.3023,15316
Millbrook,AL,32.4799,-86.3619,15314
Brownsville,FL,25.8218,-80.2412,15313
Wailuku,HI,20.8913,-156.506,15313
Warren Township,NJ,40.6082,-74.518,15311
Seaford,NY,40.6659,-73.4882,15294
Washougal,WA,45.5826,-122.3534,15288
Dallas,OR,44.9193,-123.317,15277
Graniteville,NY,40.6248,-74.1485,15272
Henderson,NC,36.3296,-78.3992,15271
Stallings,NC,35.0907,-80.6862,15270
River Falls,WI,44.8614,-92.6238,15269
Berkley,MI,42.5031,-83.1835,15268
Damascus,MD,39.2884,-77.2039,15257
Shelbyville,KY,38.212,-85.2236,15253
Kennedy Street,DC,38.9563,-77.018,15251
Roxbury Crossing,MA,42.3306,-71.0912,15248
Susanville,CA,40.4163,-120.653,15247
Pataskala,OH,39.9956,-82.6743,15245
Traverse City,MI,44.7631,-85.6206,15218
South Yuba City,CA,39.1166,-121.6391,15217
Merrifield,VA,38.8743,-77.2269,15212
Ledyard,CT,41.4398,-72.0142,15212
Fords,NJ,40.5293,-74.316,15187
New Territory,TX,29.5941,-95.6808,15186
Kapolei,HI,21.3356,-158.0582,15186
Clearlake,CA,38.9582,-122.6264,15182
McKinleyville,CA,40.9465,-124.1006,15177
Brunswick,ME,43.9145,-69.9653,15175
Highview,KY,38.1429,-85.6241,15167
Kenmore,NY,42.9659,-78.87,15160
Belvedere Park,GA,33.7548,-84.2674,15152
Ripon,CA,37.7416,-121.1244,15151
Rossville,MD,39.3384,-76.4797,15147
Depew,NY,42.904,-78.6923,15146
Seven Oaks,SC,34.0488,-81.1465,15144
Wilmington Island,GA,32.0035,-80.9737,15138
Parlier,CA,36.6116,-119.5271,15138
Gates-North Gates,NY,43.1655,-77.7007,15138
East Rancho Dominguez,CA,33.8981,-118.1954,15135
Southwest Waterfront,DC,38.8793,-77.0176,15129
Natchez,MS,31.5602,-91.4033,15128
Cloverly,MD,39.1082,-76.9977,15126
Newton,IA,41.6997,-93.048,15125
Lamont,CA,35.2597,-118.9143,15120
East Brainerd,TN,34.9959,-85.1502,15114
Vandalia,OH,39.8906,-84.1988,15106
Rio Linda,CA,38.691,-121.4486,15106
East Longmeadow,MA,42.0645,-72.5126,15102
Ramsey,NJ,41.0573,-74.141,15102
West Park,FL,25.9845,-80.1989,15097
Greeneville,TN,36.1632,-82.831,15094
Mount Vernon,IL,38.3173,-88.9031,15087
Adelphi,MD,39.0032,-76.9719,15086
Front Royal,VA,38.9182,-78.1944,15070
Weston,WI,44.8908,-89.5476,15069
Spanish Springs,NV,39.6491,-119.7074,15064
Fort Leonard Wood,MO,37.7057,-92.1572,15061
Duxbury,MA,42.0418,-70.6723,15059
Sterling,IL,41.7886,-89.6962,15057
Capitol Hill,DC,38.889,-77.0002,15056
Williamsburg,VA,37.2707,-76.7075,15052
Somerton,AZ,32.5964,-114.7097,15048
Three Lakes,FL,25.6421,-80.3984,15047
Auburndale,FL,28.0653,-81.7887,15035
Gloversville,NY,43.0528,-74.3438,15023
Hereford,TX,34.8152,-102.3993,15021
Eggertsville,NY,42.9634,-78.8039,15019
Batavia,NY,42.9981,-78.1875,15010
Dumas,TX,35.8656,-101.9732,15001
Suffolk Downs Station,MA,42.3898,-70.9978,15000
Ukrainian Village,IL,41.8994,-87.6845,15000
Bull Run,VA,38.7837,-77.5206,14983
Ammon,ID,43.4696,-111.9666,14960
New River,AZ,33.9159,-112.136,14952
Kilgore,TX,32.3863,-94.8758,14947
Fullerton,PA,40.6318,-75.4732,14925
Knik-Fairview,AK,61.5126,-149.6001,14923
Hudson,MA,42.3918,-71.5662,14907
Tonawanda,NY,43.0203,-78.8803,14907
Villa Rica,GA,33.7321,-84.9191,14904
North New Hyde Park,NY,40.7432,-73.6932,14899
Johnstown,CO,40.3369,-104.9122,14896
Tolland,CT,41.8715,-72.3687,14891
Canyon,TX,34.9803,-101.9188,14887
Jacksonville,TX,31.9638,-95.2705,14884
Berea,KY,37.5687,-84.2963,14882
Tenafly,NJ,40.9254,-73.9629,14880
Marco,FL,25.9726,-81.729,14879
East San Gabriel,CA,34.0917,-118.0912,14874
Jackson,MO,37.3823,-89.6662,14869
Corinth,MS,34.9342,-88.5223,14866
Coto De Caza,CA,33.6042,-117.587,14866
Englewood,FL,26.962,-82.3526,14863
Crowley,TX,32.579,-97.3625,14853
Saint John,IN,41.45,-87.47,14850
Midlothian,IL,41.6253,-87.7176,14847
Welby,CO,39.8366,-104.9591,14846
Horsham,PA,40.1784,-75.1285,14842
Mastic Beach,NY,40.7668,-72.8521,14841
Grays Ferry,PA,39.9351,-75.1921,14838
Mashpee,MA,41.6484,-70.4811,14834
Powder Springs,GA,33.8595,-84.6838,14826
Masonboro,NC,34.1793,-77.8475,14826
Jennings,MO,38.7192,-90.2604,14819
Head of Westport,MA,41.6209,-71.062,14809
Scottsbluff,NE,41.8666,-103.6672,14802
Sierra Vista Southeast,AZ,31.4538,-110.2164,14797
East Highland Park,VA,37.581,-77.4069,14796
Glen Allen,VA,37.666,-77.5064,14774
Johnson City,NY,42.1156,-75.9588,14773
Douglaston,NY,40.7687,-73.7471,14762
Mineral Wells,TX,32.8085,-98.1128,14754
Ogontz,PA,40.0518,-75.1513,14740
Cherryland,CA,37.6794,-122.1033,14728
Scottsboro,AL,34.6723,-86.0341,14722
Ozark,AL,31.4591,-85.6405,14719
Alexander City,AL,32.944,-85.9539,14718
Lady Lake,FL,28.9175,-81.9229,14717
Niceville,FL,30.5169,-86.4822,14714
West Norriton,PA,40.1296,-75.3785,14702
Owosso,MI,42.9978,-84.1766,14699
Blytheville,AR,35.9273,-89.919,14694
Ellington,CT,41.904,-72.4698,14693
Whitewater,WI,42.8336,-88.7323,14692
Lebanon,MO,37.6806,-92.6638,14688
North Fair Oaks,CA,37.4744,-122.1966,14687
Hollins,VA,37.3413,-79.9431,14673
Forrest City,AR,35.0082,-90.7898,14672
Parkway,CA,38.496,-121.4588,14670
Colesville,MD,39.0757,-77.0019,14647
Graham,NC,36.069,-79.4006,14647
Cinnaminson,NJ,39.9968,-74.9927,14646
Fraser,MI,42.5392,-82.9494,14636
Chaparral,NM,32.0238,-106.3857,14631
Clark,NJ,40.63,-74.31,14628
Norridge,IL,41.9634,-87.8273,14621
Hammonton,NJ,39.6365,-74.8024,14618
Zephyrhills,FL,28.2336,-82.1812,14611
College Park,GA,33.6534,-84.4494,14601
Groveton,VA,38.7673,-77.0847,14598
Bemidji,MN,47.4736,-94.8803,14594
Hawaiian Gardens,CA,33.8314,-118.0728,14592
Bloomsburg,PA,41.0037,-76.4549,14585
Thibodaux,LA,29.7958,-90.8229,14584
Valle Vista,CA,33.7478,-116.8934,14578
Alamo,CA,37.8502,-122.0322,14570
Druid Hills,GA,33.7804,-84.336,14568
Yankton,SD,42.8711,-97.3973,14557
Beech Grove,IN,39.722,-86.09,14548
Cedar Mill,OR,45.5248,-122.8109,14546
Lake Saint Louis,MO,38.7976,-90.7857,14545
Northview,MI,43.0456,-85.6006,14541
Harrisburg,NC,35.324,-80.6578,14539
Warrington,FL,30.3841,-87.275,14531
Royal Kunia,HI,21.3939,-158.0267,14525
Deming,NM,32.2687,-107.7586,14522
Greece,NY,43.2098,-77.6931,14519
Springdale,NJ,39.881,-74.97,14518
Phillipsburg,NJ,40.6937,-75.1902,14515
Hopatcong,NJ,40.9329,-74.6593,14510
Worthington,OH,40.0931,-83.018,14498
Whitman,MA,42.0807,-70.9356,14495
Greensburg,PA,40.3015,-79.5389,14495
Hartselle,AL,34.4434,-86.9353,14493
Miami Springs,FL,25.8223,-80.2895,14490
South Farmingdale,NY,40.7207,-73.4401,14486
East Islip,NY,40.732,-73.1857,14475
Kerman,CA,36.7236,-120.0599,14475
Warsaw,IN,41.2381,-85.853,14472
Glasgow,KY,36.9959,-85.9119,14470
Union Square,MA,42.3797,-71.0965,14459
North Branford,CT,41.3276,-72.7673,14454
Fairview,NJ,40.8126,-73.999,14451
Springfield,NJ,40.7049,-74.3172,14429
Chubbuck,ID,42.9207,-112.4661,14428
Scott Lake,FL,25.9415,-80.232,14425
Robbinsdale,MN,45.0322,-93.3386,14418
Franklin Park,PA,40.5834,-80.0878,14415
Lindenhurst,IL,42.4106,-88.0262,14408
Bridgetown,OH,39.1531,-84.6372,14407
Callaway,FL,30.153,-85.5699,14405
Rio Grande City,TX,26.3798,-98.8203,14404
Pineville,LA,31.3224,-92.4343,14403
Cahokia,IL,38.5709,-90.1901,14402
Sarasota Springs,FL,27.3089,-82.4795,14395
Mill Valley,CA,37.906,-122.545,14394
Hugo,MN,45.16,-92.9933,14388
Moultrie,GA,31.1799,-83.7891,14377
Brooklyn Park,MD,39.2284,-76.6164,14373
Chicago Ridge,IL,41.7014,-87.7792,14373
Cutlerville,MI,42.8409,-85.6636,14370
Morris,IL,41.3573,-88.4212,14363
Hartford,WI,43.3178,-88.379,14355
Brookside,DE,39.6671,-75.7269,14353
Highland Park,NJ,40.4959,-74.4243,14347
Beacon,NY,41.5048,-73.9696,14347
Woodcrest,CA,33.8822,-117.3573,14347
Greendale,WI,42.9406,-87.9959,14333
Antioch,IL,42.4772,-88.0956,14329
Hunters Creek,FL,28.3606,-81.4223,14321
Carthage,MO,37.1765,-94.3102,14319
Manorville,NY,40.8737,-72.8079,14314
Phelan,CA,34.4261,-117.5723,14304
Glasgow,DE,39.6048,-75.7452,14303
Berea,SC,34.8854,-82.456,14295
Glens Falls,NY,43.3095,-73.644,14291
Los Osos,CA,35.3111,-120.8324,14276
New Franklin,OH,40.9417,-81.5415,14275
Hershey,PA,40.2859,-76.6502,14257
Knightdale,NC,35.7876,-78.4806,14256
Hewitt,TX,31.4624,-97.1958,14252
Allegheny West,PA,40.0085,-75.178,14249
Alpine,CA,32.8351,-116.7664,14236
Gibsonton,FL,27.8536,-82.3826,14234
Gantt,SC,34.8001,-82.4243,14229
Lakeway,TX,30.3638,-97.9796,14217
Moorestown-Lenola,NJ,39.9659,-74.9644,14217
Murraysville,NC,34.2957,-77.8475,14215
Canton,IL,40.5581,-90.0351,14211
Bradley Gardens,NJ,40.5629,-74.6546,14206
Elk Plain,WA,47.0532,-122.3976,14205
Camano,WA,48.174,-122.5282,14202
Bayou Boeuf,LA,29.8694,-90.5968,14195
Grand Bayou Mobile Home Park,LA,29.908,-90.7771,14195
Berkeley Heights,NJ,40.6834,-74.4427,14179
Mount Holly,NC,35.2982,-81.0159,14176
Cherry Hill Mall,NJ,39.9359,-75.0091,14171
Oldsmar,FL,28.0342,-82.6651,14170
Fort Payne,AL,34.4442,-85.7197,14150
Wykagyl,NY,40.9415,-73.799,14146
Jefferson Valley-Yorktown,NY,41.318,-73.8007,14142
Five Forks,SC,34.8048,-82.2296,14140
Hayden,ID,47.766,-116.7866,14133
Roxborough,PA,40.0382,-75.2224,14131
Red Bluff,CA,40.1785,-122.2358,14131
New Fairfield,CT,41.4665,-73.4857,14126
Forest Park,IL,41.8795,-87.8137,14123
Hickory Hills,IL,41.7256,-87.8251,14122
Hyannis,MA,41.6529,-70.2828,14120
Arverne,NY,40.5912,-73.796,14120
Hazel Crest,IL,41.5717,-87.6945,14118
Whitefish Bay,WI,43.1133,-87.9001,14110
Weehawken,NJ,40.7696,-74.0204,14104
Sterling,CO,40.6255,-103.2077,14104
North Reading,MA,42.5751,-71.0787,14101
Indiana,PA,40.6215,-79.1525,14100
Pierre,SD,44.3683,-100.351,14091
Fish Hawk,FL,27.8506,-82.2109,14087
Longwood,FL,28.7031,-81.3384,14085
Barracks Row,DC,38.8813,-76.995,14080
Jasper,AL,33.8312,-87.2775,14071
Reidsville,NC,36.3549,-79.6645,14067
Dentsville,SC,34.064,-80.9582,14062
Northbridge,MA,42.1515,-71.6495,14061
New Cassel,NY,40.759,-73.5696,14059
Rosedale,CA,35.3836,-119.1454,14058
Apollo Beach,FL,27.7731,-82.4076,14055
Waycross,GA,31.2137,-82.3557,14053
Washington,MO,38.5581,-91.0121,14050
Chippewa Falls,WI,44.9369,-91.3929,14047
Westwood,MA,42.214,-71.2245,14029
Mount Washington,KY,38.0501,-85.5458,14028
East Bridgewater,MA,42.0334,-70.9592,14021
Washington Court House,OH,39.5365,-83.4391,14019
Rocky Point,NY,40.9526,-72.9254,14014
Halawa,HI,21.3794,-157.9217,14014
Holliston,MA,42.2001,-71.4245,14010
Collingswood,NJ,39.9182,-75.0713,14000
Horizon West,FL,28.4338,-81.6227,14000
Elfers,FL,28.2167,-82.7223,13986
McFarland,CA,35.678,-119.2293,13985
Beach Park,IL,42.4222,-87.8573,13976
Sun Lakes,AZ,33.2112,-111.8754,13975
Fairburn,GA,33.5671,-84.581,13967
Lincoln,IL,40.1484,-89.3648,13966
Seekonk,MA,41.8084,-71.337,13966
Upper Grand Lagoon,FL,30.1633,-85.7408,13963
Willowick,OH,41.6331,-81.4687,13957
Orange,CT,41.2784,-73.0257,13956
South Venice,FL,27.0531,-82.4243,13949
Maumee,OH,41.5628,-83.6538,13940
Middlesex,NJ,40.5726,-74.4926,13934
Allouez,WI,44.4775,-88.0162,13930
Paradise Valley,AZ,33.5311,-111.9427,13922
Moberly,MO,39.4184,-92.4382,13919
Wood Dale,IL,41.9634,-87.979,13917
Covington,GA,33.5968,-83.8602,13916
Saint Simon Mills,GA,31.1708,-81.4073,13915
Levelland,TX,33.5873,-102.378,13914
Hutchinson,MN,44.8877,-94.3697,13913
Saraland,AL,30.8207,-88.0706,13906
King City,CA,36.2127,-121.126,13902
Livingston,CA,37.3869,-120.7235,13902
Marietta,OH,39.4153,-81.4548,13900
Falls Church,VA,38.8823,-77.1711,13892
Metuchen,NJ,40.5432,-74.3632,13886
Olean,NY,42.0776,-78.4297,13870
Oneonta,NY,42.4529,-75.0638,13862
Ephrata,PA,40.1798,-76.1788,13861
Circleville,OH,39.6006,-82.946,13857
Forest City,FL,28.6668,-81.4433,13854
Harper Woods,MI,42.4331,-82.9241,13836
Princeton Meadows,NJ,40.3318,-74.5638,13834
Whitehall,PA,40.3612,-79.9909,13834
Sault Ste. Marie,MI,46.4953,-84.3453,13827
Andrews,TX,32.3187,-102.5457,13816
Hendersonville,NC,35.3187,-82.4609,13814
Wauconda,IL,42.2589,-88.1393,13814
Fort Carson,CO,38.7375,-104.7889,13813
Oak Park,CA,34.1792,-118.7629,13811
Stanford,CA,37.4241,-122.1661,13809
Pottsville,PA,40.6857,-76.1955,13802
Homosassa Springs,FL,28.8036,-82.5759,13791
Ladson,SC,32.9857,-80.1098,13790
Swampscott,MA,42.4709,-70.9176,13787
Auburn,CA,38.8966,-121.0769,13776
Sharonville,OH,39.2681,-84.4133,13774
Elizabethton,TN,36.3487,-82.2107,13772
Clarksburg,MD,39.2387,-77.2794,13766
McMinnville,TN,35.6834,-85.77,13759
Cromwell,CT,41.5951,-72.6454,13750
Buford,GA,34.1207,-84.0044,13748
Wixom,MI,42.5248,-83.5363,13746
West Richland,WA,46.3043,-119.3614,13746
Greenlawn,NY,40.869,-73.3651,13742
Stony Brook,NY,40.9256,-73.1409,13740
Mountain Home,ID,43.133,-115.6912,13730
Waimalu,HI,21.3895,-157.9388,13730
Carpinteria,CA,34.3989,-119.5185,13727
Salida,CA,37.7058,-121.0849,13722
Sienna Plantation,TX,29.4861,-95.508,13721
Seabrook,TX,29.5641,-95.0255,13716
Gardendale,AL,33.6601,-86.8128,13711
Hidalgo,TX,26.1003,-98.2631,13709
Muscle Shoals,AL,34.7448,-87.6675,13706
Buda,TX,30.0852,-97.8403,13705
Mebane,NC,36.096,-79.267,13698
Baker,LA,30.5882,-91.1682,13695
Richton Park,IL,41.4845,-87.7034,13695
Lyndhurst,OH,41.52,-81.4887,13691
Athens,TN,35.4428,-84.593,13688
Fort Campbell North,KY,36.6543,-87.4606,13685
East Greenwich,RI,41.6604,-71.4559,13682
Palos Verdes Estates,CA,33.801,-118.3924,13682
Canton,MS,32.6126,-90.0367,13676
Boerne,TX,29.7947,-98.732,13674
Roselle Park,NJ,40.6645,-74.2643,13670
Fort Mill,SC,35.0074,-80.9451,13662
East Wenatchee,WA,47.4157,-120.2931,13659
Olivehurst,CA,39.0954,-121.5522,13656
Moss Point,MS,30.4116,-88.5345,13654
Bexley,OH,39.9689,-82.9377,13654
Marshall,MN,44.4469,-95.7883,13652
Pell City,AL,33.5862,-86.2861,13646
Martinsville,VA,36.6915,-79.8725,13645
Monroe,GA,33.7948,-83.7132,13641
Copley,OH,41.0989,-81.6446,13641
Cayce,SC,33.9657,-81.074,13619
West Freehold,NJ,40.2421,-74.3013,13613
Miami,OK,36.8745,-94.8775,13611
La Grange Park,IL,41.8347,-87.8617,13608
Port Orchard,WA,47.5404,-122.6363,13607
Millbury,MA,42.194,-71.7601,13606
Hampton Bays,NY,40.869,-72.5176,13603
Grover Beach,CA,35.1216,-120.6213,13600
Bergen Beach,NY,40.6204,-73.9068,13596
East Norriton,PA,40.1504,-75.3364,13590
Lebanon,NH,43.6423,-72.2518,13579
Lewisville,NC,36.0971,-80.4192,13567
Jericho,NY,40.792,-73.5399,13567
Hudson,WI,44.9747,-92.7569,13566
Sharon,PA,41.2331,-80.4934,13562
Verona,NJ,40.8298,-74.2401,13545
Swansea,IL,38.5339,-89.989,13543
Warrensville Heights,OH,41.435,-81.5362,13542
Southern Pines,NC,35.1741,-79.3923,13539
Riverdale,IL,41.6334,-87.6331,13536
Henderson,TX,32.1532,-94.7994,13529
Glenmont,MD,39.0579,-77.0497,13529
North Mankato,MN,44.1733,-94.0339,13529
Hockessin,DE,39.7876,-75.6966,13527
Destin,FL,30.3935,-86.4958,13523
Mount Dora,FL,28.8025,-81.6445,13519
Lynden,WA,48.9465,-122.4521,13517
Naranja,FL,25.5182,-80.4228,13509
Havre de Grace,MD,39.5493,-76.0916,13504
Palmetto Estates,FL,25.6215,-80.362,13498
Washington,PA,40.174,-80.2462,13497
Waxhaw,NC,34.9246,-80.7434,13495
White Center,WA,47.5173,-122.3548,13495
River Ridge,LA,29.9602,-90.2156,13494
Olympia Heights,FL,25.7268,-80.3553,13488
Village of Campton Hills,IL,41.9366,-88.3975,13483
Conway,FL,28.5028,-81.3306,13467
Glenn Dale,MD,38.9876,-76.8205,13466
San Marino,CA,34.1214,-118.1065,13464
Englewood,OH,39.8776,-84.3022,13460
Orangeburg,SC,33.4918,-80.8556,13460
Solana Beach,CA,32.9911,-117.2712,13449
Timberwood Park,TX,29.6944,-98.4974,13447
Lockhart,TX,29.8849,-97.67,13446
Brecksville,OH,41.3198,-81.6268,13440
Cambridgeport,MA,42.3584,-71.1037,13438
Washington Square,PA,39.95,-75.1621,13438
Chesterton,IN,41.6106,-87.0642,13433
Sauk Rapids,MN,45.5919,-94.1661,13424
South Park Township,PA,40.2986,-79.9941,13416
Oatfield,OR,45.4142,-122.6001,13415
Halawa Heights,HI,21.3785,-157.9139,13408
Monroe,OH,39.4403,-84.3622,13393
Kings Park West,VA,38.8144,-77.2958,13390
Nesconset,NY,40.852,-73.154,13387
Las Vegas,NM,35.5939,-105.2239,13386
Grain Valley,MO,39.015,-94.1986,13379
Dunmore,PA,41.4198,-75.6324,13379
Brainerd,MN,46.358,-94.2008,13371
Western Springs,IL,41.8098,-87.9006,13369
Discovery Bay,CA,37.9085,-121.6002,13352
Bedford,IN,38.8612,-86.4872,13347
Bellair-Meadowbrook Terrace,FL,30.1788,-81.7434,13343
Saint James,NY,40.879,-73.1568,13338
Ridge,NY,40.894,-72.8959,13336
New Ulm,MN,44.3125,-94.4605,13327
South Sioux City,NE,42.4739,-96.4136,13319
Warrenville,IL,41.8178,-88.1734,13317
Huron,SD,44.3633,-98.2143,13313
Shorewood,WI,43.0892,-87.8876,13311
Waunakee,WI,43.1919,-89.4557,13311
Beaufort,SC,32.4317,-80.6699,13306
Avenal,CA,36.0041,-120.129,13301
Monticello,MN,45.3055,-93.7941,13299
Riverhead,NY,40.917,-72.662,13299
West Carrollton City,OH,39.6723,-84.2522,13297
Franklin Park,NJ,40.439,-74.5352,13295
Piney Green,NC,34.716,-77.3202,13293
Butler,PA,40.8612,-79.8953,13289
Citrus Ridge,FL,28.3339,-81.6423,13285
Fergus Falls,MN,46.283,-96.0776,13281
Beeville,TX,28.401,-97.7497,13277
California City,CA,35.1258,-117.9859,13277
Gonzalez,FL,30.5816,-87.2914,13273
Vadnais Heights,MN,45.0575,-93.0738,13266
North Adams,MA,42.7009,-73.1087,13263
Palmetto,FL,27.5214,-82.5723,13249
Lake Forest Park,WA,47.7568,-122.281,13243
Spring Lake,NC,35.1679,-78.9728,13234
Mercerville,NJ,40.2371,-74.6865,13230
Colonial Park,PA,40.3006,-76.8097,13229
Glenpool,OK,35.9554,-96.0089,13225
Fruitville,FL,27.3298,-82.4576,13224
Red Hill,SC,33.9996,-79.2581,13223
Red Hill,SC,33.8207,-79.0189,13223
Lindsay,CA,36.203,-119.0882,13217
Calera,AL,33.1029,-86.7536,13213
University Heights,OH,41.4978,-81.5374,13202
Carriere,MS,30.6169,-89.6526,13198
Atlantic Beach,FL,30.3344,-81.3987,13193
Streator,IL,41.1209,-88.8354,13182
Lea Hill,WA,47.3262,-122.1815,13182
Waianae,HI,21.4379,-158.1856,13177
Teays Valley,WV,38.4501,-81.9293,13175
Lone Tree,CO,39.5517,-104.8863,13175
Brandermill,VA,37.4321,-77.6497,13173
Soddy-Daisy,TN,35.2359,-85.1908,13171
Snoqualmie,WA,47.5287,-121.8254,13169
Fostoria,OH,41.157,-83.4169,13167
Oakland,NJ,41.0132,-74.2643,13165
Short Hills,NJ,40.7479,-74.3254,13165
Wayland,MA,42.3626,-71.3615,13155
Raynham,MA,41.9487,-71.0731,13153
Coatesville,PA,39.9832,-75.8238,13148
Clayton,OH,39.8631,-84.3605,13146
McPherson,KS,38.3708,-97.6642,13144
Crowley,LA,30.2141,-92.3746,13144
Harrison,AR,36.2298,-93.1077,13138
Saddle Brook,NJ,40.899,-74.0926,13130
East Cambridge,MA,42.3668,-71.08,13122
Bellefontaine,OH,40.3612,-83.7597,13117
Black Forest,CO,39.013,-104.7008,13116
Ridgefield Park,NJ,40.857,-74.0215,13102
Grovetown,GA,33.4504,-82.1982,13093
Bardstown,KY,37.8092,-85.4669,13091
Windham,NH,42.8006,-71.3042,13091
Worthington,MN,43.62,-95.5964,13090
Florida City,FL,25.4479,-80.4792,13085
Commerce,CA,34.0006,-118.1598,13081
La Grande,OR,45.3246,-118.0877,13074
Saint Marys,PA,41.4278,-78.5609,13070
Stoughton,WI,42.9169,-89.2179,13067
Kingsgate,WA,47.727,-122.1796,13065
Geneva,NY,42.869,-76.9777,13062
Meadville,PA,41.6414,-80.1514,13061
Lockhart,FL,28.6194,-81.4426,13060
Harwich,MA,41.6862,-70.0759,13059
South Charleston,WV,38.3684,-81.6996,13045
Medway,MA,42.1418,-71.3967,13042
Marshall,MO,39.1231,-93.1969,13039
Santa Fe,TX,29.378,-95.1058,13037
Newton,NC,35.6699,-81.2215,13035
North Auburn,CA,38.9313,-121.0819,13022
Tehachapi,CA,35.1322,-118.449,13021
Saint Ann,MO,38.7273,-90.3832,13020
Thonotosassa,FL,28.0614,-82.3023,13014
Endicott,NY,42.0984,-76.0494,13014
Connersville,IN,39.6412,-85.1411,13010
Arrochar,NY,40.5984,-74.0726,13010
Ferndale,WA,48.8465,-122.591,13010
Middleburg,FL,30.0689,-81.8604,13008
Rantoul,IL,40.3084,-88.1559,13008
Greenville,OH,40.1028,-84.633,13006
Saint Simons Island,GA,31.1505,-81.3695,13000
Shadow Hills,CA,34.2619,-118.3517,13000
Woodward,OK,36.4337,-99.3904,12993
Rochester,MI,42.6806,-83.1338,12993
Key Biscayne,FL,25.6937,-80.1628,12990
Mid-Cambridge,MA,42.3721,-71.106,12988
Claremont,NH,43.3767,-72.3468,12984
Superior,CO,39.9528,-105.1686,12980
Auburn,IN,41.367,-85.0589,12979
Saint Augustine,FL,29.8947,-81.3145,12975
Powell,OH,40.1578,-83.0752,12972
Justice,IL,41.7445,-87.8378,12968
Glen Carbon,IL,38.7484,-89.9832,12966
West Monroe,LA,32.5185,-92.1476,12966
Malibu,CA,34.0258,-118.7804,12965
Borger,TX,35.6678,-101.3974,12964
College,AK,64.8569,-147.8028,12964
Shiloh,IL,38.5614,-89.8973,12961
Fort Drum,NY,44.0584,-75.7619,12955
Grass Valley,CA,39.2191,-121.0611,12944
Newington,VA,38.7385,-77.185,12943
Greenwich,CT,41.0265,-73.6285,12942
Lakeland North,WA,47.3334,-122.2769,12942
Kingston,PA,41.2617,-75.8969,12941
Fulton,MO,38.8467,-91.948,12939
El Dorado,KS,37.8172,-96.8623,12931
Wawarsing,NY,41.759,-74.3574,12925
Mounds View,MN,45.105,-93.2086,12914
Herrin,IL,37.8031,-89.0276,12910
Grenada,MS,33.769,-89.8084,12900
Dover,OH,40.5206,-81.474,12899
Hanover,NJ,40.8045,-74.3668,12898
Dardenne Prairie,MO,38.7695,-90.729,12890
Saint Helens,OR,45.864,-122.8065,12883
Forest Hill,TX,32.6721,-97.2692,12881
Weigelstown,PA,39.9837,-76.8225,12875
Dallas,GA,33.9237,-84.8408,12870
Glendale,WI,43.1353,-87.9356,12870
York Beach,ME,43.1715,-70.6089,12854
Holiday City-Berkeley,NJ,39.9638,-74.278,12831
Hot Springs Village,AR,34.672,-92.9988,12807
Fruita,CO,39.1589,-108.729,12795
Kettering,MD,38.8846,-76.8147,12790
Athens,TX,32.2049,-95.8555,12788
New Carrollton,MD,38.9698,-76.88,12786
Port Neches,TX,29.9913,-93.9585,12786
Hamilton Square,NJ,40.2273,-74.6532,12784
Fallsburg,NY,41.732,-74.6013,12773
Charlton,MA,42.1356,-71.9701,12764
Seaside,NY,40.5832,-73.8282,12754
Bedford,OH,41.3931,-81.5365,12747
Andover,KS,37.7139,-97.1364,12745
Finneytown,OH,39.2003,-84.5205,12741
Canton,MD,39.2804,-76.5666,12731
Elk City,OK,35.412,-99.4043,12717
New Kensington,PA,40.5698,-79.7648,12713
Conneaut,OH,41.9476,-80.5542,12712
Derby,CT,41.3207,-73.089,12700
Boone,IA,42.0597,-93.8802,12692
Minden,LA,32.6154,-93.2868,12690
Middle Valley,TN,35.1959,-85.1847,12684
Markham,IL,41.5936,-87.6948,12682
Belle Chasse,LA,29.8549,-89.9906,12679
Riviera Beach,MD,39.1668,-76.508,12677
Pelham,NH,42.7345,-71.3245,12676
Pedley,CA,33.9753,-117.4759,12672
El Sobrante,CA,37.9772,-122.2952,12669
On Top of the World,FL,29.1152,-82.2913,12668
Nanakuli,HI,21.3936,-158.1543,12666
McComb,MS,31.2438,-90.4531,12661
Sylacauga,AL,33.1732,-86.2516,12657
Half Moon Bay,CA,37.4635,-122.4286,12657
Lilburn,GA,33.8901,-84.143,12655
Centralia,IL,38.5251,-89.1334,12655
West Valley,WA,46.5921,-120.6051,12655
San Anselmo,CA,37.9746,-122.5616,12653
Artondale,WA,47.2995,-122.6207,12653
Lincolnwood,IL,42.0045,-87.7301,12646
West Mount Airy,PA,40.0526,-75.198,12635
Panama City Beach,FL,30.1766,-85.8055,12624
Montgomeryville,PA,40.2473,-75.2438,12624
Palolo,HI,21.3128,-157.7804,12620
Joppatowne,MD,39.414,-76.358,12616
Uxbridge,MA,42.0773,-71.6295,12614
Winter Hill,MA,42.3959,-71.0989,12613
Effingham,IL,39.12,-88.5434,12604
Eufaula,AL,31.8913,-85.1455,12596
Channahon,IL,41.4295,-88.2287,12594
Moody,AL,33.5909,-86.4908,12593
Loveland,OH,39.2689,-84.2638,12585
South Daytona,FL,29.1658,-81.0045,12584
Saddlebrooke,AZ,32.5395,-110.9006,12574
Platteville,WI,42.7342,-90.4785,12572
Gaffney,SC,35.0718,-81.6498,12566
Kemp Mill,MD,39.039,-77.0191,12564
Rogers,MN,45.1889,-93.553,12562
Lumberton,NJ,39.9659,-74.8052,12559
Azalea Park,FL,28.5411,-81.3006,12556
Lakeland,TN,35.2306,-89.7404,12553
Rendon,TX,32.5763,-97.2414,12552
Palos Heights,IL,41.6681,-87.7964,12545
Wickliffe,OH,41.6053,-81.4535,12545
Verona,WI,42.9908,-89.5332,12540
Woodhaven,MI,42.1389,-83.2416,12539
Bonita,CA,32.6578,-117.03,12538
Kewanee,IL,41.2456,-89.9248,12533
Woodland Park,NJ,40.8898,-74.1949,12518
Bainbridge,GA,30.9038,-84.5755,12507
Cambridge,MD,38.5632,-76.0788,12507
Bedford,MA,42.4907,-71.2762,12502
Windsor Locks,CT,41.9293,-72.6273,12498
Winnetka,IL,42.1081,-87.7359,12472
New Providence,NJ,40.6984,-74.4015,12469
Green River,WY,41.5286,-109.4663,12465
Grand Terrace,CA,34.0339,-117.3136,12464
Patchogue,NY,40.7657,-73.0151,12463
Cedar Grove,NJ,40.8518,-74.229,12457
Ardmore,PA,40.0068,-75.2855,12455
Paschall,PA,39.9243,-75.2385,12450
Wilmington,OH,39.4453,-83.8285,12449
Ringwood,NJ,41.1134,-74.2454,12448
North Madison,IN,38.7678,-85.3966,12435
Steamboat Springs,CO,40.485,-106.8317,12435
Abbeville,LA,29.9747,-92.1343,12434
Fort Atkinson,WI,42.9289,-88.8371,12426
Lake Arrowhead,CA,34.2483,-117.1892,12424
Irondale,AL,33.5382,-86.7072,12423
Lumberton,TX,30.2658,-94.1996,12421
Larkspur,CA,37.9341,-122.5353,12417
Port Lavaca,TX,28.615,-96.6261,12416
Mount Vernon,VA,38.7141,-77.1008,12416
Brookhaven,MS,31.5791,-90.4407,12414
Fernway,PA,40.6948,-80.1309,12414
Beatrice,NE,40.2681,-96.747,12388
Ottawa,KS,38.6156,-95.2678,12387
Wilton Manors,FL,26.1604,-80.1389,12385
Four Corners,TX,29.6686,-95.6577,12382
Federal Heights,CO,39.8514,-104.9986,12381
Downtown,HI,21.3025,-157.8584,12381
Greenwood,WA,47.6943,-122.3549,12378
Spring Creek,NV,40.7266,-115.5859,12361
New Baltimore,MI,42.6811,-82.7369,12354
Forestville,MD,38.8451,-76.875,12353
Chatham,IL,39.6762,-89.7045,12351
Agate Beach,OR,44.6773,-124.0618,12351
Atco,NJ,39.7698,-74.8874,12350
Mandeville,LA,30.3583,-90.0656,12345
Fernandina Beach,FL,30.6697,-81.4626,12339
Miller Place,NY,40.9598,-72.9962,12339
Escanaba,MI,45.7452,-87.0646,12334
Mountain Home,AR,36.3353,-92.3852,12330
Lake Los Angeles,CA,34.6125,-117.8281,12328
Cleveland,MS,33.744,-90.7248,12327
Portland,TN,36.5817,-86.5164,12323
Gulfport,FL,27.7484,-82.7034,12322
Plover,WI,44.4564,-89.544,12319
Cornelius,OR,45.5198,-123.0598,12317
Broadlands,VA,39.0182,-77.5203,12313
Northlake,IL,41.9173,-87.8956,12312
Big Bear City,CA,34.2611,-116.845,12304
North Castle,NY,41.14,-73.6839,12304
Eatontown,NJ,40.2962,-74.051,12301
Coolidge,AZ,32.9778,-111.5176,12297
Marion,AR,35.2145,-90.1965,12292
Turtle Rock,CA,33.6433,-117.8101,12288
West Plains,MO,36.7281,-91.8524,12285
Plymouth,CT,41.672,-73.0529,12284
Trenton,OH,39.4809,-84.4577,12281
Overlea,MD,39.3634,-76.5205,12275
North Merrick,NY,40.6912,-73.5632,12272
Port Saint John,FL,28.4769,-80.7887,12267
Green Valley,MD,39.3093,-77.2972,12262
Okmulgee,OK,35.6234,-95.9605,12244
South Miami,FL,25.7076,-80.2934,12242
Hasbrouck Heights,NJ,40.8582,-74.0807,12227
Jacksonville,AL,33.8138,-85.7613,12222
Cedarbrook,PA,40.078,-75.1767,12219
Marysville,CA,39.1457,-121.5914,12216
Clarkston,GA,33.8096,-84.2396,12215
Kingston,MA,41.9945,-70.7245,12208
Davidson,NC,35.5023,-80.8391,12207
Winfield,KS,37.2398,-96.9956,12204
Red Bank,NJ,40.3471,-74.0643,12204
Somerville,NJ,40.5743,-74.6099,12202
Kings Point,FL,26.4454,-80.1398,12201
East Hanover,NJ,40.8201,-74.3649,12194
Tucson Estates,AZ,32.1876,-111.0909,12192
Haverstraw,NY,41.1976,-73.9646,12187
Suamico,WI,44.6319,-88.0393,12187
Union Market,DC,38.9086,-76.9982,12186
Timberlake,VA,37.3207,-79.2575,12183
Riverview,MI,42.1742,-83.1794,12181
Choctaw,OK,35.4976,-97.2689,12179
Lake City,FL,30.1897,-82.6393,12161
Babylon,NY,40.6957,-73.3257,12161
Travilah,MD,39.069,-77.263,12159
Blue Ash,OH,39.232,-84.3783,12159
Hudson,FL,28.3645,-82.6934,12158
Neosho,MO,36.869,-94.368,12156
Baraboo,WI,43.4711,-89.7443,12155
Freeport,TX,28.9541,-95.3597,12154
Stony Point,NY,41.2295,-73.9871,12147
Richmond,TX,29.5822,-95.7608,12138
Arkansas City,KS,37.062,-97.0384,12136
Amherst,OH,41.3978,-82.2224,12135
New Kingman-Butler,AZ,35.265,-114.0323,12134
Evanston,WY,41.2683,-110.9632,12133
Speedway,IN,39.8023,-86.2672,12127
Weatherford,OK,35.5262,-98.7076,12126
Port Royal,SC,32.379,-80.6927,12122
Wells Branch,TX,30.446,-97.6795,12120
Luling,LA,29.9322,-90.3665,12119
Mount Sinai,NY,40.947,-73.0296,12118
Brown Deer,WI,43.1633,-87.9645,12102
Salisbury,NY,40.7457,-73.5601,12093
Dunkirk,NY,42.4795,-79.3339,12081
Woodmere,LA,29.858,-90.0803,12080
Washington,IN,38.6592,-87.1728,12078
Cloquet,MN,46.7216,-92.4594,12075
Festus,MO,38.2206,-90.3959,12065
Chelsea,AL,33.3401,-86.6303,12059
Poquoson,VA,37.1224,-76.3458,12059
Irmo,SC,34.086,-81.1831,12056
Lake Station,IN,41.575,-87.2389,12054
Glenn Heights,TX,32.5487,-96.8567,12042
Madison,IN,38.7359,-85.38,12040
Goldenrod,FL,28.6103,-81.2887,12039
Norton,OH,41.0292,-81.6382,12036
Artesia,NM,32.8423,-104.4033,12036
Edgewater,NJ,40.827,-73.9757,12034
Fairfax Station,VA,38.801,-77.3255,12030
Stafford,CT,41.9848,-72.289,12029
Centerton,AR,36.3598,-94.2852,12023
Smithfield,NC,35.5085,-78.3394,12022
Red Oak,TX,32.5176,-96.8044,12022
Los Alamos,NM,35.8881,-106.307,12019
North Palm Beach,FL,26.8176,-80.082,12015
Clawson,MI,42.5334,-83.1463,12015
Salem,OH,40.9009,-80.8568,12003
Cedar Lake,IN,41.3648,-87.4411,12000
Fortuna,CA,40.5982,-124.1573,12000
Glen Rock,NJ,40.9629,-74.1329,11999
Firestone,CO,40.1125,-104.9366,11999
Portales,NM,34.1862,-103.3344,11995
Gladstone,OR,45.3807,-122.5948,11986
La Homa,TX,26.2501,-98.3636,11985
Martinsville,NJ,40.6012,-74.559,11980
Kailua-Kona,HI,19.6402,-155.9991,11975
Waconia,MN,44.8508,-93.7869,11968
Shepherdsville,KY,37.9884,-85.7158,11967
Crestwood,MO,38.557,-90.3818,11966
Youngsville,LA,30.0997,-91.9901,11961
North Wantagh,NY,40.6934,-73.5076,11960
Freehold,NJ,40.2601,-74.2738,11959
Monfort Heights,OH,39.1884,-84.5952,11948
Scotts Valley,CA,37.0511,-122.0147,11945
Holly Hill,FL,29.2436,-81.0376,11943
Leeds,AL,33.5482,-86.5444,11936
Richmond Hill,GA,31.9383,-81.3034,11935
Bogalusa,LA,30.791,-89.8487,11933
Bennsville,MD,38.6093,-77.0122,11923
Dranesville,VA,39.0007,-77.3458,11921
Guymon,OK,36.6828,-101.4815,11921
West Haven,UT,41.203,-112.0511,11921
Bucyrus,OH,40.8084,-82.9755,11916
Kelso,WA,46.1468,-122.9084,11901
Pennsville,NJ,39.6534,-75.5166,11888
Georgetown,DC,38.9048,-77.0625,11887
Maryville,MO,40.3461,-94.8725,11879
Clayton,CA,37.941,-121.9358,11867
California,MD,38.3004,-76.5075,11857
Lakeside,VA,37.6076,-77.4769,11849
Terryville,NY,40.909,-73.0651,11849
Wanaque,NJ,41.0382,-74.294,11848
Cypress Lake,FL,26.5381,-81.8992,11846
Alexandria,MN,45.8852,-95.3775,11843
Westwood Lake,FL,25.7293,-80.3728,11838
Morgan City,LA,29.6994,-91.2068,11835
Florham Park,NJ,40.7879,-74.3882,11835
Kingsburg,CA,36.5138,-119.554,11824
Georgetown,GA,31.9833,-81.2273,11823
Greensburg,IN,39.3373,-85.4836,11819
Cottonwood,AZ,34.7392,-112.0099,11818
Schiller Park,IL,41.9559,-87.8709,11806
Lovington,NM,32.944,-103.3486,11800
Sugarland Run,VA,39.0376,-77.3753,11799
Pontiac,IL,40.8809,-88.6298,11794
Anacostia,DC,38.8665,-76.9839,11789
Bridgeton,MO,38.767,-90.4115,11786
Franklin,OH,39.559,-84.3041,11783
Woodinville,WA,47.7543,-122.1635,11782
Colorado Triangle,DC,38.9561,-77.0333,11780
Red Bank,TN,35.1123,-85.2941,11769
Newport East,RI,41.5158,-71.2875,11769
Snyder,TX,32.7179,-100.9176,11768
Lansing,KS,39.2486,-94.9002,11767
Carroll Park,PA,39.971,-75.2366,11767
Beachwood,OH,41.4645,-81.5087,11762
Lower Burrell,PA,40.5531,-79.7573,11761
Trophy Club,TX,32.9979,-97.1836,11759
Somersworth,NH,43.2617,-70.8653,11759
Landenberg,PA,39.7773,-75.7713,11757
Healdsburg,CA,38.6105,-122.8692,11742
Blackfoot,ID,43.1905,-112.345,11740
South Lyon,MI,42.4606,-83.6516,11722
Douglas,GA,31.5088,-82.8499,11718
Carver,MA,41.8834,-70.7625,11718
Wallington,NJ,40.8532,-74.1137,11716
Ocean Pines,MD,38.3954,-75.1557,11710
Jensen Beach,FL,27.2545,-80.2298,11707
Lahaina,HI,20.8753,-156.6798,11704
Foothill Ranch,CA,33.6864,-117.6609,11698
Emeryville,CA,37.8313,-122.2853,11694
Azle,TX,32.8951,-97.5459,11693
East Bethel,MN,45.3194,-93.2024,11692
West Henrietta,NY,43.0401,-77.6617,11691
Martinsville,IN,39.4278,-86.4283,11690
Seven Hills,OH,41.3953,-81.6762,11690
Macedonia,OH,41.3137,-81.5084,11686
Weston,MA,42.3668,-71.3031,11682
Waipio,HI,21.4182,-157.9991,11674
Magnolia,AR,33.2671,-93.2393,11669
River Edge,NJ,40.9287,-74.0399,11668
Oquirrh,UT,40.6305,-112.0338,11668
Guttenberg,NJ,40.7921,-74.0037,11665
Mexico,MO,39.1698,-91.8829,11660
North Lindenhurst,NY,40.7143,-73.3815,11652
Wyandanch,NY,40.754,-73.3604,11647
Goshen,OH,39.2334,-84.1613,11644
Lexington Park,MD,38.2668,-76.4538,11626
Arlington,TN,35.2962,-89.6615,11625
Ravenna,OH,41.1576,-81.2421,11619
Enumclaw,WA,47.2043,-121.9915,11609
Oskaloosa,IA,41.2964,-92.6444,11607
Verde Village,AZ,34.7105,-112.0115,11605
El Campo,TX,29.1966,-96.2697,11604
Lynnfield,MA,42.539,-71.0481,11596
Cocoa Beach,FL,28.3206,-80.6092,11595
Elizabethtown,PA,40.1529,-76.6028,11586
Mack,OH,39.1581,-84.6497,11585
Robstown,TX,27.7903,-97.6689,11576
Port Washington,WI,43.3872,-87.8756,11576
Lakeland South,WA,47.2784,-122.2833,11574
Home Gardens,CA,33.8781,-117.5209,11570
Villas,FL,26.5504,-81.8687,11569
Upper Montclair,NJ,40.8462,-74.2013,11565
Signal Hill,CA,33.8045,-118.1679,11565
Sun Village,CA,34.5595,-117.9568,11565
Archdale,NC,35.9146,-79.972,11564
Tarrytown,NY,41.0762,-73.8588,11560
Moss Bluff,LA,30.3027,-93.1907,11557
Mountain Park,GA,33.8443,-84.1294,11554
Fulton,NY,43.3229,-76.4172,11552
Garden City,ID,43.6221,-116.2382,11550
Urbana,OH,40.1084,-83.7524,11547
Valley Falls,RI,41.9068,-71.3906,11547
North Bellport,NY,40.7743,-72.9429,11545
Troy,MO,38.9795,-90.9807,11542
Lakeland Village,CA,33.6386,-117.3439,11541
Tomball,TX,30.0972,-95.6161,11540
Greatwood,TX,29.5541,-95.6758,11538
Gladeview,FL,25.8393,-80.2356,11535
Destrehan,LA,29.9432,-90.3534,11535
Cheney,WA,47.4874,-117.5758,11534
West Kensington,PA,39.9865,-75.1391,11532
Richfield,WI,43.2561,-88.194,11530
Groveland,FL,28.5581,-81.8512,11528
Grafton,WI,43.3197,-87.9534,11527
Shady Hills,FL,28.41,-82.5429,11523
Yeadon,PA,39.939,-75.2555,11523
Hobe Sound,FL,27.0595,-80.1364,11521
Byram,MS,32.1793,-90.2454,11509
Claiborne,LA,32.516,-92.1918,11507
Chesapeake Ranch Estates-Drum Point,MD,38.3502,-76.4189,11503
Yulee,FL,30.6319,-81.6065,11491
Excelsior Springs,MO,39.3392,-94.2261,11486
Rehoboth,MA,41.8404,-71.2495,11486
Robinson,TX,31.4677,-97.1147,11484
Cedarburg,WI,43.2967,-87.9876,11482
Gainesville,VA,38.7957,-77.6139,11481
Lewisburg,TN,35.4492,-86.7889,11480
Royse City,TX,32.9751,-96.3325,11465
Prairie Ridge,WA,47.1376,-122.1487,11464
Anna,TX,33.349,-96.5486,11463
Bellmawr,NJ,39.8676,-75.0946,11462
North Saint Paul,MN,45.0125,-92.9919,11460
Hillsborough,CA,37.5741,-122.3794,11451
Los Alamitos,CA,33.8031,-118.0726,11449
Goulds,FL,25.5626,-80.3823,11446
Endwell,NY,42.1129,-76.021,11446
Clute,TX,29.0247,-95.3988,11444
Fenton,MI,42.7978,-83.7049,11442
Somerset,KY,37.092,-84.6041,11439
Branson,MO,36.6437,-93.2185,11431
Parker,SC,34.8507,-82.4535,11431
Mendota,CA,36.7536,-120.3816,11430
Lakes by the Bay,FL,25.5723,-80.3253,11422
Mays Chapel,MD,39.4332,-76.6494,11420
Salem,WI,42.5547,-88.1109,11416
Haddonfield,NJ,39.8915,-75.0377,11414
Frederick,CO,40.0992,-104.9372,11413
Webster,MA,42.0501,-71.8801,11412
Crossville,TN,35.949,-85.0269,11411
Hawaiian Paradise Park,HI,19.5933,-154.9731,11404
D'Iberville,MS,30.4263,-88.8909,11400
Summit,IL,41.7881,-87.8103,11389
Piedmont,CA,37.8244,-122.2316,11376
Ridgefield,NJ,40.8343,-74.0088,11373
Lyndon,KY,38.2567,-85.6016,11372
Ionia,MI,42.9873,-85.0711,11372
Carnot-Moon,PA,40.5186,-80.2174,11372
Newcastle,WA,47.539,-122.1557,11370
Emmaus,PA,40.5395,-75.4968,11368
Greentree,NJ,39.8971,-74.9557,11367
Tyngsboro,MA,42.6768,-71.4245,11366
Grosse Ile,MI,42.1292,-83.1444,11361
Jefferson Hills,PA,40.2912,-79.932,11360
Brentwood Village,DC,38.9209,-76.9844,11359
Ocean City,NJ,39.2776,-74.5746,11355
Camden,AR,33.5846,-92.8343,11347
Oxford,CT,41.434,-73.1168,11345
Waupun,WI,43.6333,-88.7296,11343
Niles,MI,41.8298,-86.2542,11333
North Valley,NM,35.1734,-106.6234,11333
Oak Hills,OR,45.5412,-122.8412,11333
Two Rivers,WI,44.1539,-87.5692,11331
Gloucester City,NJ,39.8928,-75.1204,11329
Lakewood Park,FL,27.5431,-80.4023,11323
Smyrna,DE,39.2998,-75.6047,11319
Fort Morgan,CO,40.2503,-103.7999,11319
Mango,FL,27.9797,-82.3065,11313
Gardnerville Ranchos,NV,38.8882,-119.7413,11312
East Grand Rapids,MI,42.9411,-85.61,11311
Magalia,CA,39.8121,-121.5783,11310
Broussard,LA,30.1471,-91.9612,11303
Walker Mill,MD,38.8754,-76.8883,11302
West Sedona,AZ,34.8672,-111.8054,11299
Robertsville,NJ,40.3462,-74.2879,11297
Merriam,KS,39.0236,-94.6936,11288
Madison Heights,VA,37.431,-79.1231,11285
Woods Cross,UT,40.8716,-111.8922,11284
Spearfish,SD,44.4908,-103.8594,11283
Plano,IL,41.6628,-88.537,11282
Warren,RI,41.7304,-71.2826,11280
The Wharf,DC,38.8791,-77.0249,11274
Shiloh,OH,39.8187,-84.2285,11272
Guthrie,OK,35.8789,-97.4253,11270
Cusseta,GA,32.3054,-84.7727,11267
Huntington,VA,38.7923,-77.0708,11267
Communications Hill,CA,37.289,-121.8551,11267
Lewis Center,OH,40.1984,-83.0102,11261
Girard Estate,PA,39.9235,-75.1846,11259
Newtonville,MA,42.3501,-71.2037,11251
Wrentham,MA,42.0668,-71.3281,11251
Loganville,GA,33.839,-83.9007,11248
Westwood,NJ,40.9912,-74.0326,11247
Munhall,PA,40.3923,-79.9,11247
Yazoo City,MS,32.8551,-90.4056,11245
Minooka,IL,41.4553,-88.2617,11243
Campbellsville,KY,37.3434,-85.3419,11237
Lake Grove,NY,40.8529,-73.1151,11235
Yorktown,IN,40.1737,-85.4941,11231
Southwest Center City Philadelphia,PA,39.9428,-75.1809,11228
White House,TN,36.4703,-86.6514,11226
Browns Mills,NJ,39.9726,-74.5829,11223
Mendota Heights,MN,44.8836,-93.1383,11223
Grosse Pointe Park,MI,42.3759,-82.9374,11220
Shiloh,PA,39.9781,-76.7972,11218
Pike Creek Valley,DE,39.7362,-75.6983,11217
Shiloh,PA,41.0417,-78.2914,11217
Beachwood,NJ,39.939,-74.1929,11214
Logan Square,PA,39.9557,-75.1705,11213
Haysville,KS,37.5645,-97.3523,11212
Spencer,IA,43.1414,-95.1444,11212
North Smithfield,RI,41.9668,-71.5495,11212
Orange City,FL,28.9489,-81.2987,11210
Berkley,CO,39.8044,-105.0261,11207
Pompton Lakes,NJ,41.0054,-74.2907,11202
Vernal,UT,40.4555,-109.5288,11200
River Forest,IL,41.8978,-87.814,11199
Saint Peter,MN,44.3236,-93.958,11196
Jefferson,LA,29.966,-90.1531,11193
Jerome,ID,42.7241,-114.5186,11184
Springdale,OH,39.287,-84.4852,11182
Elwood,NY,40.8454,-73.3351,11177
Grandview,WA,46.251,-119.9017,11176
Leon Valley,TX,29.4952,-98.6186,11174
North Scituate,RI,41.8318,-71.5873,11171
Webb City,MO,37.1465,-94.463,11165
Dudley,MA,42.0451,-71.9301,11165
Tarboro,NC,35.8968,-77.5358,11164
Sierra Madre,CA,34.1617,-118.0529,11163
Galena Park,TX,29.7336,-95.2302,11162
Camp Verde,AZ,34.5636,-111.8543,11155
Oakwood,NY,40.564,-74.116,11148
Central 14th Street / WMATA Northern Bus Barn,DC,38.9447,-77.0326,11147
Mount Kisco,NY,41.2043,-73.7271,11145
East Renton Highlands,WA,47.4848,-122.1123,11140
Raymondville,TX,26.4815,-97.7831,11139
Chino Valley,AZ,34.7575,-112.4538,11137
Lantana,FL,26.5867,-80.052,11136
Oneida,NY,43.0926,-75.6513,11134
Gulf Shores,AL,30.246,-87.7008,11131
Dobbs Ferry,NY,41.0145,-73.8726,11131
Grand Rapids,MN,47.2372,-93.5302,11127
Coshocton,OH,40.272,-81.8596,11121
Cherry Creek,CO,39.611,-104.861,11120
Webster,TX,29.5377,-95.1183,11116
Helena-West Helena,AR,34.5291,-90.59,11109
Town and Country,MO,38.6123,-90.4634,11106
Lighthouse Point,FL,26.2756,-80.0873,11104
Lawrenceburg,KY,38.0373,-84.8966,11103
Village Park,HI,21.3981,-158.0303,11099
Fredericksburg,TX,30.2752,-98.872,11094
South Yarmouth,MA,41.6668,-70.1847,11092
Canyon Lake,CA,33.685,-117.2731,11080
View Park-Windsor Hills,CA,33.9955,-118.3483,11075
East Milton,FL,30.6152,-87.0216,11074
Leicester,MA,42.2459,-71.9087,11064
Grand Haven,MI,43.0631,-86.2284,11062
Peru,IN,40.7537,-86.0689,11060
Lakeland Highlands,FL,27.9597,-81.9501,11056
Joint Base Lewis McChord,WA,47.1079,-122.5769,11046
Saint Albans,WV,38.3856,-81.8362,11044
Burkburnett,TX,34.0979,-98.5706,11043
Londonderry,NH,42.8651,-71.3739,11037
Diamond Springs,CA,38.6946,-120.8149,11037
Sonoma,CA,38.2919,-122.458,11037
Millington,TN,35.3415,-89.8973,11027
Little Chute,WI,44.28,-88.3184,11026
Vermilion-on-the-Lake,OH,41.4284,-82.3238,11006
Suffern,NY,41.1148,-74.1496,11001
Ontario,OR,44.0266,-116.9629,10999
Chalco,NE,41.1839,-96.1503,10994
West Point,MS,33.6076,-88.6503,10990
Crestwood,IL,41.6446,-87.7415,10984
Mountain Top,PA,41.1695,-75.8774,10982
Doctor Phillips,FL,28.4494,-81.4923,10981
Totowa,NJ,40.9051,-74.2099,10973
Spuyten Duyvil,NY,40.8812,-73.9174,10971
Mitchellville,MD,38.92,-76.808,10967
Little Ferry,NJ,40.8529,-74.0421,10963
Martin,TN,36.3434,-88.8503,10959
Union,MO,38.45,-91.0085,10957
Damascus,OR,45.4176,-122.459,10952
Highland Park,MI,42.4056,-83.0969,10949
Vidor,TX,30.1316,-94.0155,10945
Cordele,GA,31.9635,-83.7824,10943
Bluffdale,UT,40.4897,-111.9388,10931
Malvern,AR,34.3623,-92.813,10928
Natrona Heights,PA,40.6234,-79.7298,10927
Seymour,TN,35.8906,-83.7246,10919
Quartz Hill,CA,34.6453,-118.2181,10912
Gulf Gate Estates,FL,27.2517,-82.5147,10911
Storm Lake,IA,42.6411,-95.2097,10910
Trinity,FL,28.1808,-82.6818,10907
Fairfield,AL,33.4859,-86.9119,10907
Lincolnton,NC,35.4738,-81.2545,10900
Ironton,OH,38.5367,-82.6829,10900
Franklin Lakes,NJ,41.0168,-74.2057,10899
Brooklyn,OH,41.4398,-81.7354,10899
Newman,CA,37.3138,-121.0208,10899
Summerfield,MD,38.9045,-76.8683,10898
Corning,NY,42.1429,-77.0547,10897
Doraville,GA,33.8982,-84.2833,10896
Sturgis,MI,41.7992,-85.4192,10896
DeRidder,LA,30.8463,-93.2891,10890
Ogdensburg,NY,44.6942,-75.4863,10883
Modena Park,PA,40.0784,-74.9879,10882
Woodbury,NY,41.3645,-74.106,10879
Taylorville,IL,39.5489,-89.2945,10873
Riverton,WY,43.025,-108.3801,10873
Citrus,CA,34.115,-117.8917,10866
Summerfield,NC,36.2088,-79.9048,10861
Show Low,AZ,34.2542,-110.0298,10860
Acushnet,MA,41.6807,-70.9078,10850
Waynesboro,PA,39.7559,-77.5778,10848
East Liverpool,OH,40.6187,-80.5773,10846
Coldwater,MI,41.9403,-85.0005,10844
Torresdale,PA,40.0548,-75.0043,10836
Highland City,FL,27.9653,-81.8779,10834
Miami Shores,FL,25.8632,-80.1928,10831
Winchester Center,CT,41.9001,-73.1348,10830
Maltby,WA,47.8051,-122.1132,10830
Burr Ridge,IL,41.7489,-87.9184,10818
Sedro-Woolley,WA,48.5039,-122.2361,10815
Lindon,UT,40.3433,-111.7208,10810
Sweetwater,TX,32.471,-100.4059,10809
Pine Castle,FL,28.4719,-81.3679,10805
Mount Holly,NJ,39.9929,-74.7877,10804
La Riviera,CA,38.5669,-121.3569,10802
Marinette,WI,45.1,-87.6307,10799
Bellefontaine Neighbors,MO,38.7403,-90.2265,10798
Van Wert,OH,40.8695,-84.5841,10798
Muskegon Heights,MI,43.2011,-86.239,10796
Monroe,WI,42.6011,-89.6385,10796
Holbrook,MA,42.1551,-71.0087,10791
Broomall,PA,39.9815,-75.3566,10789
Worth,IL,41.6897,-87.7973,10784
Jacinto City,TX,29.7675,-95.2338,10782
Smithfield,UT,41.8383,-111.8327,10782
Farmersville,CA,36.2977,-119.2068,10774
Crestline,CA,34.242,-117.2856,10770
Kings Mountain,NC,35.2451,-81.3412,10760
Viera East,FL,28.2623,-80.7145,10757
Lowes Island,VA,39.0598,-77.3522,10756
Delhi,CA,37.4322,-120.7785,10755
Roessleville,NY,42.6951,-73.8071,10753
Sussex,WI,43.1339,-88.222,10753
Arkadelphia,AR,34.1209,-93.0538,10745
Van Ness,DC,38.9432,-77.063,10745
Saks,AL,33.6987,-85.8397,10744
Echelon,NJ,39.8484,-74.9957,10743
Collegedale,TN,35.0531,-85.0502,10743
Vermillion,SD,42.7794,-96.9292,10738
Minneola,FL,28.5744,-81.7462,10735
Upper Roxborough,PA,40.0596,-75.2385,10735
Tamalpais-Homestead Valley,CA,37.8783,-122.5362,10735
Middlesboro,KY,36.6084,-83.7166,10730
Lyons,IL,41.8134,-87.8181,10722
Holly Springs,GA,34.174,-84.5013,10719
Fort Madison,IA,40.6298,-91.3152,10717
Bolivar,MO,37.6145,-93.4105,10714
Bastrop,LA,32.7783,-91.9114,10713
Atchison,KS,39.563,-95.1216,10712
Largo,MD,38.8976,-76.8303,10709
Fredonia,NY,42.4401,-79.3317,10705
Cheval,FL,28.1486,-82.5145,10702
Halfway,MD,39.6206,-77.7589,10701
Petal,MS,31.3466,-89.2601,10701
Kapa'a,HI,22.0752,-159.319,10699
Rosaryville,MD,38.7568,-76.8097,10697
Somers Point,NJ,39.3176,-74.5946,10688
Little Falls,NJ,40.869,-74.2082,10688
Germantown,PA,40.0434,-75.1802,10688
Darby,PA,39.9184,-75.2591,10687
Vidalia,GA,32.2177,-82.4135,10679
Gonzales,LA,30.2385,-90.9201,10678
Grimes,IA,41.6883,-93.7911,10676
Picayune,MS,30.5256,-89.6779,10675
Klahanie,WA,47.571,-122.0084,10674
Kaka'ako,HI,21.3021,-157.8573,10673
Batesville,AR,35.7698,-91.641,10668
Northbrook,OH,39.2465,-84.5836,10668
Kennett,MO,36.2362,-90.0556,10662
Burlington,WI,42.6781,-88.2762,10650
Placerville,CA,38.7296,-120.7986,10650
Garden Acres,CA,37.9638,-121.2294,10648
Muscoy,CA,34.1542,-117.3442,10644
Sandy,OR,45.3973,-122.2615,10644
Lansdowne,PA,39.9382,-75.2719,10639
Morro Bay,CA,35.3658,-120.8499,10639
Satellite Beach,FL,28.1761,-80.5901,10633
Scottdale,GA,33.7898,-84.2641,10631
Massena,NY,44.9281,-74.8919,10629
Old Saybrook,CT,41.2918,-72.3762,10627
Bedford Heights,OH,41.417,-81.5273,10625
Vashon,WA,47.4473,-122.4599,10624
Camp Pendleton South,CA,33.2284,-117.3793,10616
Forest Acres,SC,34.0193,-80.9898,10615
Winton,CA,37.3894,-120.6132,10613
Keokuk,IA,40.3973,-91.3849,10609
West Perrine,FL,25.6059,-80.3628,10602
Eureka,MO,38.5025,-90.6279,10602
Norwell,MA,42.1618,-70.7939,10581
Gardere,LA,30.3457,-91.1401,10580
Accokeek,MD,38.6676,-77.0283,10573
Union City,TN,36.4242,-89.057,10573
Vernon,TX,34.1554,-99.2663,10573
Vienna,WV,39.327,-81.5485,10573
Eltingville,NY,40.5454,-74.1657,10573
Santaquin,UT,39.9755,-111.7852,10572
North Versailles,PA,40.3798,-79.8095,10571
Lawrenceburg,TN,35.2423,-87.3347,10569
Roscoe,IL,42.4134,-89.0093,10565
Hillsdale,NJ,41.0026,-74.0404,10559
Exeter,CA,36.2961,-119.142,10548
Belmont,NC,35.2429,-81.0373,10533
Forestville,OH,39.0751,-84.3449,10532
Weddington,NC,35.0224,-80.7609,10531
Farmington,MI,42.4645,-83.3763,10523
Jackson,WY,43.4799,-110.7624,10523
Chesapeake Ranch Estates,MD,38.3462,-76.4177,10519
Fox Lake,IL,42.3967,-88.1837,10518
Manchester,TN,35.4817,-86.0886,10517
The Pinery,CO,39.4553,-104.7344,10517
Pine Hill,NJ,39.7843,-74.9921,10510
Montgomery,OH,39.2281,-84.3541,10506
Redwood Shores,CA,37.5319,-122.248,10500
Sebring,FL,27.4956,-81.4409,10497
Dent,OH,39.1859,-84.6513,10497
Bound Brook,NJ,40.5684,-74.5385,10497
Sauk Village,IL,41.4884,-87.5675,10493
Rockport,TX,28.0208,-97.056,10490
Heath,OH,40.0228,-82.4446,10489
Ventnor City,NJ,39.3404,-74.4774,10486
Middle Island,NY,40.8843,-72.9373,10483
Arizona City,AZ,32.7559,-111.671,10475
Richmond Heights,OH,41.5528,-81.5101,10469
Wyomissing,PA,40.3295,-75.9652,10469
Burley,ID,42.5357,-113.7928,10436
Vermilion,OH,41.422,-82.3646,10434
Key Largo,FL,25.0865,-80.4473,10433
Warr Acres,OK,35.5226,-97.6189,10431
Canandaigua,NY,42.8742,-77.288,10431
Manville,NJ,40.5409,-74.5877,10429
West Haverstraw,NY,41.2095,-73.9854,10421
Lincoln Park,NJ,40.9243,-74.3021,10405
Melvindale,MI,42.2825,-83.1752,10404
Cambridge,OH,40.0312,-81.5885,10402
Greencastle,IN,39.6445,-86.8647,10401
Big Rapids,MI,43.6981,-85.4837,10397
Kinnelon,NJ,41.0018,-74.3671,10392
Palatka,FL,29.6486,-81.6376,10390
Columbia,PA,40.0337,-76.5044,10388
Sedona,AZ,34.8697,-111.761,10388
Celina,OH,40.5489,-84.5702,10387
Norfolk,MA,42.1195,-71.3251,10386
Portage,WI,43.5391,-89.4626,10382
Wabash,IN,40.7978,-85.8205,10381
Struthers,OH,41.0526,-80.6078,10375
Cadillac,MI,44.252,-85.4012,10373
Fairview,TX,33.1579,-96.6317,10372
Big Lake,MN,45.3325,-93.7461,10368
Pella,IA,41.4081,-92.9163,10363
Castle Pines North,CO,39.4717,-104.8948,10360
Mount Airy,NC,36.4993,-80.6073,10354
Barrington,IL,42.1539,-88.1362,10353
Durham,NH,43.134,-70.9265,10345
West Point,UT,41.1183,-112.0841,10345
Silver Springs,FL,29.2166,-82.0576,10334
Newberry,SC,34.2746,-81.6187,10331
Linthicum,MD,39.2051,-76.6527,10324
Reading,OH,39.2237,-84.4422,10324
Bluefield,WV,37.2698,-81.2223,10323
Little Canada,MN,45.0269,-93.0877,10319
Eunice,LA,30.4944,-92.4176,10310
Wood River,IL,38.8612,-90.0976,10294
Hull,MA,42.302,-70.9078,10293
Oak Grove,SC,33.9809,-81.1429,10291
Morris Park,NY,40.8523,-73.8535,10289
Benning Road,DC,38.8898,-76.9376,10269
Newport,OR,44.6368,-124.0534,10268
Beverly Hills,MI,42.5239,-83.2233,10267
Edwards,CO,39.645,-106.5942,10266
Cedar Hills,UT,40.4141,-111.7585,10265
Pleasant Grove,AL,33.4909,-86.9703,10260
Lancaster,NY,42.9006,-78.6703,10258
Nanticoke,PA,41.2054,-76.0049,10258
Milford,DE,38.9126,-75.428,10252
Rossmoor,CA,33.7856,-118.0851,10244
Timberlane,LA,29.8774,-90.032,10243
Sleepy Hollow,NY,41.0857,-73.8585,10242
Fairview Shores,FL,28.5911,-81.3942,10239
Waterloo,IL,38.3359,-90.1498,10236
Alpine,UT,40.4533,-111.778,10235
Beecher,MI,43.09,-83.6944,10232
Fairmount,NY,43.0473,-76.2385,10224
Espanola,NM,35.9911,-106.0806,10224
Berwick,PA,41.0545,-76.2333,10223
Roma,TX,26.4053,-99.0158,10223
Fairmont,MN,43.6522,-94.4611,10221
River Grove,IL,41.9259,-87.8359,10219
Anderson,CA,40.4482,-122.2978,10217
North Branch,MN,45.5114,-92.9802,10215
Watervliet,NY,42.7301,-73.7012,10214
Hanson,MA,42.0751,-70.88,10209
Vail,AZ,32.0479,-110.712,10208
Hillcrest,DC,38.8621,-76.958,10205
Gages Lake,IL,42.3517,-87.9826,10198
Jefferson,GA,34.117,-83.5724,10195
Raceland,LA,29.7274,-90.599,10193
Columbia,IL,38.4437,-90.2012,10191
Bel Air,MD,39.5359,-76.3483,10190
Capitola,CA,36.9752,-121.9533,10189
North Logan,UT,41.7694,-111.8047,10181
Jennings,LA,30.2224,-92.6571,10180
Bohemia,NY,40.7693,-73.1151,10180
Alpena,MI,45.0617,-83.4327,10175
Bellmead,TX,31.594,-97.1089,10164
Forestdale,AL,33.5701,-86.8964,10162
Wells Beach Station,ME,43.324,-70.5914,10162
Lake Morton-Berrydale,WA,47.3325,-122.1029,10160
Gold Camp,AZ,33.2937,-111.3043,10159
Shasta Lake,CA,40.6804,-122.3708,10159
Gold Canyon,AZ,33.3715,-111.4369,10159
Lanham,MD,38.9688,-76.8634,10157
Paris,TN,36.302,-88.3267,10150
Great Neck,NY,40.8007,-73.7285,10143
Colts Neck,NJ,40.2876,-74.1724,10142
East Stroudsburg,PA,40.9995,-75.1813,10140
Oil City,PA,41.434,-79.7064,10137
Norwalk,IA,41.4755,-93.6788,10135
Marlton,NJ,39.8912,-74.9218,10133
North End,MA,42.3651,-71.0545,10131
Galion,OH,40.7337,-82.7899,10127
Denham Springs,LA,30.4874,-90.9575,10125
Fort Knox,KY,37.8911,-85.9636,10124
Essex Junction,VT,44.4906,-73.111,10111
San Diego Country Estates,CA,33.0067,-116.7836,10109
Maynard,MA,42.4334,-71.4495,10106
Waldwick,NJ,41.0106,-74.1179,10095
Port Salerno,FL,27.1442,-80.2006,10091
Parsons,KS,37.3403,-95.2611,10090
Comstock Park,MI,43.0386,-85.67,10088
Avon Park,FL,27.5959,-81.5062,10086
Inwood,NY,40.8657,-73.9268,10082
Mayfield,KY,36.7417,-88.6367,10080
Bonham,TX,33.5773,-96.1783,10079
Lexington,NE,40.7808,-99.7415,10075
Countryside,VA,39.0409,-77.4136,10072
Waverly,IA,42.7258,-92.4755,10066
Canyon Rim,UT,40.7066,-111.8219,10062
London,OH,39.8865,-83.4483,10060
North Andrews Gardens,FL,26.1915,-80.1442,10056
Clinton,TN,36.1034,-84.1319,10049
Atmore,AL,31.0238,-87.4939,10049
Little Neck,NY,40.7629,-73.7322,10049
Oregon,WI,42.9261,-89.3846,10043
Poulsbo,WA,47.7359,-122.6465,10041
Troy,IL,38.7292,-89.8832,10036
New Port Richey East,FL,28.2603,-82.6926,10036
Plymouth,IN,41.3437,-86.3097,10035
Monmouth,OR,44.8484,-123.234,10032
Grantsville,UT,40.5999,-112.4644,10027
Elon,NC,36.1029,-79.5067,10024
Woodbury,NJ,39.8382,-75.1527,10020
Oak Creek,CA,33.674,-117.7712,10018
Waggaman,LA,29.9185,-90.2109,10015
Fort Salonga,NY,40.9126,-73.301,10008
Bluffton,IN,40.7387,-85.1716,10005
Silver City,NM,32.7701,-108.2803,10004
Fairview,CA,37.6785,-122.0458,10003
Del Aire,CA,33.9161,-118.3695,10001
Cross Lanes,WV,38.4204,-81.7907,9995
Huguenot,NY,40.5373,-74.1946,9995
Veradale,WA,47.6499,-117.2074,9991
Uniontown,PA,39.9001,-79.7164,9990
Harrisonville,MO,38.6533,-94.3488,9986
Pearsall,TX,28.8922,-99.095,9980
Dishman,WA,47.6601,-117.276,9978
Newton Highlands,MA,42.3209,-71.1995,9976
Benton Harbor,MI,42.1167,-86.4542,9976
Fife,WA,47.2393,-122.3571,9970
Cottage Grove,OR,43.7976,-123.0595,9969
Carroll,IA,42.0658,-94.8669,9968
Lambertville,MI,41.7659,-83.628,9953
Peru,IL,41.3275,-89.129,9952
Arden Hills,MN,45.0502,-93.1566,9951
Croydon,PA,40.0873,-74.9035,9950
Indianola,MS,33.4509,-90.6551,9943
East Oak Lane,PA,40.0501,-75.1329,9941
Spruce Hill,PA,39.9527,-75.2103,9935
Covington,LA,30.4755,-90.1004,9928
Kendallville,IN,41.4414,-85.265,9927
Timonium,MD,39.437,-76.6197,9925
Lake Monticello,VA,37.9232,-78.3347,9920
Lackland Air Force Base,TX,29.3866,-98.618,9918
Lake Mohawk,NJ,41.0184,-74.6602,9916
Flat Rock,MI,42.0964,-83.2919,9914
Cape Canaveral,FL,28.4058,-80.6048,9912
Glenwood Springs,CO,39.5505,-107.3248,9906
Corte Madera,CA,37.9255,-122.5275,9901
Tipp City,OH,39.9584,-84.1722,9899
Pennypack,PA,40.0668,-75.0455,9898
Harrison,OH,39.262,-84.82,9897
Warrenton,VA,38.7135,-77.7953,9897
Deanwood,DC,38.8984,-76.9294,9895
Coral Hills,MD,38.8704,-76.9211,9895
Elkhorn,WI,42.6728,-88.5445,9895
East Rockaway,NY,40.642,-73.6696,9894
Fairfield,IA,41.0086,-91.9627,9892
Hope,AR,33.6671,-93.5916,9891
Bloomingdale,TN,36.5846,-82.4893,9888
New Albany,OH,40.0812,-82.8088,9879
Andover,FL,25.9684,-80.2128,9877
Brownsville,TN,35.594,-89.2623,9876
Fort Lee,VA,37.2469,-77.3344,9874
Moncks Corner,SC,33.1963,-80.0143,9873
Keansburg,NJ,40.4418,-74.1299,9873
Paris,KY,38.2098,-84.253,9870
Kendall Square,MA,42.365,-71.0855,9861
Northampton,PA,40.6862,-75.4968,9860
Middleton,MA,42.5951,-71.0162,9859
Woodley Park,DC,38.9287,-77.0558,9856
Brandon,SD,43.5947,-96.572,9856
Highland,IL,38.7395,-89.6712,9848
Russellville,AL,34.5079,-87.7286,9847
Fate,TX,32.9415,-96.3814,9847
Brambleton,VA,38.9821,-77.5386,9845
Rincon,GA,32.296,-81.2354,9843
Cameron,MO,39.7403,-94.2411,9836
Havre,MT,48.55,-109.6841,9834
Shelton,WA,47.2151,-123.1007,9834
Christiana,TN,35.7101,-86.3994,9830
Pleasanton,TX,28.9672,-98.4786,9829
Edgewood,WA,47.2501,-122.2937,9826
Wapakoneta,OH,40.5678,-84.1936,9823
Monticello,AR,33.629,-91.791,9820
Alamosa,CO,37.4695,-105.87,9819
New Hyde Park,NY,40.7351,-73.6879,9811
Waynesville,NC,35.4887,-82.9887,9809
Burlington,NJ,40.0712,-74.8649,9808
Maywood,NJ,40.9026,-74.0618,9805
Fort Oglethorpe,GA,34.949,-85.2569,9803
Inwood,NY,40.6221,-73.7468,9792
Cody,WY,44.5263,-109.0565,9792
Cleveland Park,DC,38.9362,-77.0655,9790
Walnut Grove,WA,45.6679,-122.599,9790
Washington,NC,35.5466,-77.0522,9788
Wyndham,VA,37.6985,-77.6125,9785
Hartford,VT,43.6606,-72.3384,9779
Lake Arbor,MD,38.9079,-76.8297,9776
Ballston Lake,NY,42.9117,-73.8682,9776
Merrydale,LA,30.5013,-91.1084,9772
Minnehaha,WA,45.659,-122.6271,9771
Reserve,LA,30.0538,-90.5517,9766
Union Park,FL,28.5681,-81.2862,9765
Roma-Los Saenz,TX,26.4051,-99.0159,9765
Progress,PA,40.2851,-76.8314,9765
Le Mars,IA,42.7942,-96.1656,9761
Alachua,FL,29.7516,-82.4248,9757
Marysville,MI,42.9125,-82.4869,9757
East La Mirada,CA,33.9245,-117.989,9757
Woodbury,CT,41.5445,-73.209,9755
Silverton,OR,45.0051,-122.7832,9753
Cairo,GA,30.8775,-84.2021,9752
Baker City,OR,44.7749,-117.8344,9752
Cedartown,GA,34.0112,-85.2559,9750
Panthersville,GA,33.7073,-84.2719,9749
Brownfield,TX,33.1812,-102.2743,9736
Vinings,GA,33.8648,-84.4644,9734
Otis,IN,41.5992,-86.9059,9726
Dunn,NC,35.3063,-78.6089,9723
Chestnut Hill,PA,40.0771,-75.2074,9710
Hermantown,MN,46.8069,-92.2382,9706
Sumner,WA,47.2032,-122.2404,9700
Ingleside,TX,27.8778,-97.2117,9695
Boaz,AL,34.2007,-86.1664,9688
Potsdam,NY,44.6698,-74.9813,9688
Southborough,MA,42.3056,-71.5245,9686
Safford,AZ,32.834,-109.7076,9683
Sparta,WI,43.9441,-90.8129,9679
Mountain House,CA,37.7833,-121.5427,9675
North Bend,OR,43.4065,-124.2243,9673
Snohomish,WA,47.9129,-122.0982,9670
Coffeyville,KS,37.0373,-95.6164,9669
Park Forest Village,PA,40.8067,-77.9169,9660
Winfield,IL,41.8617,-88.1609,9657
Hampton,NH,42.9376,-70.8389,9656
Clay,AL,33.7026,-86.5997,9655
Sunbury,PA,40.8626,-76.7944,9652
Holmen,WI,43.9633,-91.2562,9651
Westview,FL,25.882,-80.242,9650
Hamilton Hills,MD,39.3628,-76.565,9649
Edgemere,NY,40.5962,-73.7676,9646
Soquel,CA,36.988,-121.9566,9644
Kalaoa,HI,19.7286,-155.9817,9644
Bellevue,DC,38.8268,-77.0197,9643
Bladensburg,MD,38.9393,-76.9339,9640
Jesup,GA,31.6078,-81.8863,9633
East Falls,PA,40.0146,-75.1916,9631
Milton,FL,30.6324,-87.0397,9628
Astoria,OR,46.1879,-123.8312,9626
Mooresville,IN,39.6128,-86.3742,9623
Red Bank,SC,33.9321,-81.2384,9617
Danville,IN,39.7606,-86.5264,9614
Rye Brook,NY,41.0193,-73.6835,9611
Cypress Village,CA,33.6879,-117.7592,9610
La Salle,IL,41.3334,-89.0918,9609
Tega Cay,SC,35.0243,-81.0279,9608
Lock Haven,PA,41.137,-77.4469,9604
Nonantum,MA,42.3626,-71.2023,9600
Winslow,AZ,35.0242,-110.6974,9600
Rosslyn,VA,38.8968,-77.0725,9599
Girard,OH,41.154,-80.7015,9599
Bee Ridge,FL,27.2839,-82.4806,9598
Pine Ridge,FL,28.9383,-82.4734,9598
Orange Cove,CA,36.6244,-119.3137,9598
Gifford,FL,27.6753,-80.4092,9590
Rainbow City,AL,33.9548,-86.0419,9580
Hackettstown,NJ,40.854,-74.8291,9579
Morrell Park,PA,40.0734,-74.9885,9577
Hamburg,NY,42.7159,-78.8295,9576
Bristol,PA,40.1007,-74.8518,9569
Clinton,OK,35.5156,-98.9673,9565
Picture Rocks,AZ,32.3459,-111.2462,9563
Rifle,CO,39.5347,-107.7831,9563
Chuckey,TN,36.2159,-82.6882,9560
Coweta,OK,35.9518,-95.6508,9559
Lake Barcroft,VA,38.8479,-77.1558,9558
Brock Hall,MD,38.8501,-76.7611,9552
Brooklyn,MD,39.2304,-76.6022,9549
Bethel,CT,41.3712,-73.414,9549
Reedsburg,WI,43.5325,-90.0026,9548
Chevy Chase,DC,38.981,-77.083,9545
Chevy Chase,MD,39.0029,-77.0712,9545
Prineville,OR,44.2998,-120.8345,9530
Dongan Hills,NY,40.5884,-74.0962,9529
Howell,MI,42.6073,-83.9294,9521
Clifton,NY,40.6201,-74.0771,9519
Pecos,TX,31.4229,-103.4932,9517
Marine Corps Base Hawaii - MCBH,HI,21.4434,-157.7498,9517
Steger,IL,41.47,-87.6364,9515
North Kensington,MD,39.039,-77.071,9514
White Marsh,MD,39.3837,-76.4322,9513
Sugar Grove,IL,41.7614,-88.4437,9512
North Gates,NY,43.1765,-77.7014,9512
Brentwood,PA,40.3706,-79.9748,9512
Fort George G Mead Junction,MD,39.1259,-76.7891,9505
River Vale,NJ,40.9954,-74.0121,9497
Taft,CA,35.1425,-119.4565,9495
White Horse,NJ,40.1907,-74.7024,9494
Mission,KS,39.0278,-94.6558,9491
Ma'ili,HI,21.4163,-158.1753,9488
Chillicothe,MO,39.7953,-93.5524,9487
Amityville,NY,40.679,-73.4171,9486
Woodlyn,PA,39.8723,-75.3371,9485
Villas,NJ,39.0287,-74.9385,9483
Flossmoor,IL,41.5428,-87.6848,9478
Braselton,GA,34.1093,-83.7627,9476
Prospect,CT,41.5023,-72.9787,9476
Orono,ME,44.8831,-68.672,9474
Pryor Creek,OK,36.3086,-95.3178,9469
Decatur,IN,40.8306,-84.9291,9465
Valley,AL,32.8187,-85.1794,9464
Winterville,NC,35.529,-77.4011,9464
Moanalua,HI,21.3678,-157.8911,9461
Somers,WI,42.6403,-87.9104,9454
Lowell,IN,41.2914,-87.4206,9450
Southwick,MA,42.0548,-72.7704,9444
Springfield,FL,30.1533,-85.6113,9442
Newcastle,OK,35.2473,-97.5998,9438
Marlboro Village,MD,38.8305,-76.7696,9438
Clarksville,AR,35.4715,-93.4666,9433
Rensselaer,NY,42.6426,-73.7429,9433
Lamesa,TX,32.7376,-101.951,9427
Kearney,MO,39.3678,-94.3622,9423
South Huntington,NY,40.8237,-73.3987,9422
Anaconda,MT,46.1285,-112.9423,9417
Gloucester Point,VA,37.254,-76.4969,9402
The Village,OK,35.5609,-97.5514,9400
Lisbon,ME,44.0315,-70.1045,9392
Granbury,TX,32.4421,-97.7942,9386
Willoughby Hills,OH,41.5984,-81.4185,9382
Mount Airy,MD,39.3762,-77.1547,9380
Country Club,CA,37.9688,-121.3408,9379
Berlin,NH,44.4687,-71.1851,9367
Saint Francis,WI,42.9675,-87.8776,9365
Makaha-Ka'ena,HI,21.4836,-158.2303,9364
North Bath,ME,43.9348,-69.8159,9363
Economy,PA,40.6001,-80.2248,9363
Lake Hiawatha,NJ,40.8826,-74.3815,9360
Thompson,CT,41.9587,-71.8626,9358
Tomah,WI,43.9786,-90.504,9357
DuPont,WA,47.0968,-122.6312,9356
Woodbridge,CT,41.3526,-73.0084,9355
Valencia West,AZ,32.1324,-111.1141,9355
Blackhawk,CA,37.8208,-121.9077,9354
Harahan,LA,29.9405,-90.2031,9350
Bethalto,IL,38.9092,-90.0407,9349
Morehead City,NC,34.7229,-76.726,9347
West Newton,MA,42.3501,-71.2328,9347
Saint Pete Beach,FL,27.7253,-82.7412,9346
Kendall Park,NJ,40.4209,-74.5607,9339
'Aiea,HI,21.3822,-157.9336,9338
Mound,MN,44.9366,-93.6661,9336
Jeannette,PA,40.3281,-79.6153,9335
Port Townsend,WA,48.1174,-122.7607,9335
Warren,PA,41.8439,-79.145,9334
North College Hill,OH,39.2184,-84.5508,9332
Fort Meade,MD,39.1082,-76.7432,9327
Greenwood,AR,35.2156,-94.2558,9322
Alcoa,TN,35.7895,-83.9738,9316
Rockcreek,OR,45.5501,-122.877,9316
Pleasant Hill,IA,41.5839,-93.5199,9314
Charter Oak,CA,34.1031,-117.8459,9310
Rochelle,IL,41.9239,-89.0687,9309
Beacon Hill,MA,42.3587,-71.0678,9305
Woodfield,SC,34.0593,-80.9309,9303
Augusta,KS,37.6867,-96.9767,9299
Bala Cynwyd,PA,40.0076,-75.2341,9299
Hebron,CT,41.6579,-72.3659,9298
Anthony,NM,32.004,-106.6058,9293
Brewerytown,PA,39.9771,-75.1818,9291
Monmouth,IL,40.9114,-90.6474,9291
Box Elder,SD,44.1125,-103.0682,9289
Harleysville,PA,40.2796,-75.3871,9286
Ellisville,MO,38.5926,-90.5871,9284
Wasilla,AK,61.5809,-149.4415,9284
Lynwood,IL,41.5264,-87.5387,9280
Fairview,OR,45.5384,-122.434,9280
Valley Center,CA,33.2184,-117.0342,9277
Frankfort Square,IL,41.5189,-87.8031,9276
Pleasant View,UT,41.3183,-111.9922,9273
Sweet Home,OR,44.3976,-122.7362,9270
Gunbarrel,CO,40.0633,-105.1711,9263
Bay Saint Louis,MS,30.3088,-89.33,9260
Ecorse,MI,42.2445,-83.1458,9257
Seven Corners,VA,38.8721,-77.1553,9255
Chanute,KS,37.6792,-95.4572,9252
Perryton,TX,36.4,-100.8026,9252
Friendly,MD,38.7518,-76.9786,9250
Fairmount,PA,39.9723,-75.181,9246
Tulalip,WA,48.0684,-122.2918,9246
Haiku-Pauwela,HI,20.9219,-156.3051,9245
Belmont,MI,43.0756,-85.6092,9244
Exeter,NH,42.9815,-70.9478,9242
Waseca,MN,44.0777,-93.5074,9241
Brookdale,NJ,40.8337,-74.1829,9239
Grants,NM,35.1476,-107.8526,9239
Stuarts Draft,VA,38.0301,-79.0336,9235
Smithville,MO,39.3869,-94.5811,9233
Merrill,WI,45.1805,-89.6835,9233
Purcellville,VA,39.1368,-77.7147,9232
Brewer,ME,44.7967,-68.7614,9232
Grosse Pointe Farms,MI,42.4092,-82.8919,9232
Mapleton,UT,40.1302,-111.5785,9232
Independence,OR,44.8512,-123.1868,9227
Lititz,PA,40.1573,-76.3069,9225
Groton,CT,41.3501,-72.0784,9221
Rockingham,NC,34.9393,-79.7739,9220
Leonia,NJ,40.8615,-73.9882,9219
Hartland,WI,43.105,-88.342,9219
Rio Del Mar,CA,36.9683,-121.9002,9216
Sutton,MA,42.1501,-71.7629,9215
Tiburon,CA,37.8735,-122.4566,9214
Scotchtown,NY,41.4815,-74.3602,9212
Waimea,HI,20.0232,-155.6729,9212
Garden City,SC,33.593,-79.0087,9209
Brigantine,NJ,39.4101,-74.3646,9204
Heber City,UT,40.5069,-111.4132,9198
Aliquippa,PA,40.6367,-80.2401,9197
Larchmont,CA,34.0797,-118.3176,9195
Harvard,IL,42.4222,-88.6137,9194
Alma,MI,43.3789,-84.6597,9193
Good Hope,CA,33.7647,-117.267,9192
Centerville,MA,41.6487,-70.3481,9190
Highland Park,TX,32.8335,-96.7919,9189
Beckett Ridge,OH,39.347,-84.4352,9187
Saint Dennis,KY,38.1884,-85.8458,9177
Urbana,MD,39.3259,-77.3514,9175
Riverdale,NY,40.9006,-73.9064,9174
Presque Isle,ME,46.6812,-68.0159,9171
Laurens,SC,34.499,-82.0143,9166
East Rutherford,NJ,40.834,-74.0971,9164
Blackstone,MA,42.0179,-71.5412,9163
Madera Acres,CA,37.0191,-120.0668,9163
Washington Terrace,UT,41.1727,-111.9766,9157
Succasunna,NJ,40.8684,-74.6404,9152
Versailles,KY,38.0526,-84.73,9146
Grinnell,IA,41.743,-92.7224,9141
Shawano,WI,44.7822,-88.609,9128
Louisville,OH,40.8373,-81.2596,9126
Riggs Park,DC,38.9543,-76.9941,9125
La Plata,MD,38.5293,-76.9753,9125
Hondo,TX,29.3475,-99.1414,9119
Bay Minette,AL,30.883,-87.773,9118
Middletown,PA,40.1998,-76.7311,9117
Sheffield,AL,34.7651,-87.6986,9108
Selma,TX,29.5844,-98.3059,9108
Valley Cottage,NY,41.1181,-73.9554,9107
Forest,VA,37.3638,-79.2897,9106
Marianna,FL,30.7744,-85.2269,9100
Saline,MI,42.1667,-83.7816,9100
Roxborough Park,CO,39.4739,-105.0853,9099
Lenoir City,TN,35.7973,-84.256,9091
Rock Falls,IL,41.7797,-89.689,9087
Portola Hills,CA,33.6792,-117.6312,9083
Bennington,VT,42.8781,-73.1968,9074
Berkeley,MO,38.7545,-90.3312,9073
Atoka,TN,35.4412,-89.7781,9064
Andalusia,AL,31.3081,-86.4824,9063
Georgetown,SC,33.3768,-79.2945,9062
College Place,WA,46.0493,-118.3883,9062
Shelby,OH,40.8815,-82.6618,9058
Stuttgart,AR,34.5004,-91.5526,9056
Hernando,FL,28.9,-82.3745,9054
Charlotte,MI,42.5637,-84.8358,9054
Lake Hopatcong,NJ,40.9484,-74.6171,9054
Micco,FL,27.8806,-80.5003,9052
Oakwood,OH,39.7253,-84.1741,9052
Winston,FL,28.0317,-82.0148,9050
Fultondale,AL,33.6048,-86.7939,9048
Oakville,CT,41.5934,-73.0854,9047
Lake Lucerne,FL,25.9651,-80.2414,9044
East Haddam,CT,41.4532,-72.4612,9042
Rawlins,WY,41.7911,-107.2387,9040
Elgin,TX,30.3497,-97.3703,9039
Liberty,TX,30.058,-94.7955,9039
Evergreen,CO,39.6333,-105.3172,9038
Fort Polk South,LA,31.0511,-93.2158,9038
Oakbrook,KY,38.9998,-84.6852,9036
Covington,TN,35.5643,-89.6465,9036
Thomaston,GA,32.8882,-84.3266,9032
Lincoln Village,OH,39.9548,-83.1307,9032
Marlton,MD,38.7737,-76.79,9031
Sheffield Lake,OH,41.4875,-82.1015,9026
Edgewater,MD,38.938,-76.557,9023
Scott,LA,30.2358,-92.0946,9018
Fitzgerald,GA,31.7149,-83.2527,9013
Alexandria,KY,38.9595,-84.388,9009
Olney,IL,38.7309,-88.0853,9005
Detroit Lakes,MN,46.8172,-95.8453,9002
Garden City,GA,32.1144,-81.154,8999
Manteno,IL,41.2506,-87.8314,8999
Mechanicsburg,PA,40.2143,-77.0086,8999
San Elizario,TX,31.5851,-106.2728,8999
Glenwood,IL,41.5425,-87.6023,8996
Toppenish,WA,46.3773,-120.3087,8995
Chatham,NJ,40.7409,-74.3838,8993
Monett,MO,36.929,-93.9277,8988
Glenshaw,PA,40.5329,-79.9676,8981
Benning,DC,38.8951,-76.9489,8978
Madeira,OH,39.1909,-84.3636,8976
Molalla,OR,45.1473,-122.577,8972
Clarendon Hills,MA,42.2751,-71.1245,8971
Budd Lake,NJ,40.8712,-74.734,8968
Montecito,CA,34.4367,-119.6321,8965
Dayton,NV,39.2371,-119.593,8964
Stonegate,CO,39.5308,-104.8039,8962
Midland,WA,47.167,-122.4048,8962
Little River,SC,33.8732,-78.6142,8960
Eidson Road,TX,28.6772,-100.487,8960
Independence,KS,37.2242,-95.7083,8958
Fallston,MD,39.5145,-76.4111,8958
Lancaster,SC,34.7204,-80.7709,8956
Sturgeon Bay,WI,44.8342,-87.377,8956
Northwest Harborcreek,PA,42.1494,-79.9946,8949
Glencoe,IL,42.135,-87.7581,8945
Princeton,TX,33.1801,-96.498,8939
DeForest,WI,43.2478,-89.3437,8936
Westerleigh,NY,40.6212,-74.1318,8927
New Windsor,NY,41.4768,-74.0238,8922
Canonsburg,PA,40.2626,-80.1873,8922
Park Ridge,NJ,41.0376,-74.0407,8919
Cypress Gardens,FL,27.9939,-81.6901,8917
Bristow,VA,38.7229,-77.5361,8910
Woodbury,NY,40.8257,-73.4676,8907
Liberty Lake,WA,47.6759,-117.1182,8906
Plymouth,MI,42.3714,-83.4702,8905
Eagle Point,OR,42.4726,-122.8028,8902
Clinton,MO,38.3686,-93.7783,8899
Pitman,NJ,39.7329,-75.1316,8898
Bayport,NY,40.7384,-73.0507,8896
Medulla,FL,27.9678,-81.9734,8892
Commerce,TX,33.2471,-95.9,8892
Harrisburg,IL,37.7384,-88.5406,8891
Airmont,NY,41.1009,-74.1162,8891
Pulaski,VA,37.0479,-80.7798,8890
Olmsted Falls,OH,41.3751,-81.9082,8889
Larkfield-Wikiup,CA,38.5134,-122.7509,8884
Oak Hills,CA,34.3831,-117.3813,8879
Myrtle Grove,NC,34.1346,-77.8816,8875
Marina del Rey,CA,33.9816,-118.4537,8866
Graham,TX,33.1071,-98.5895,8865
Sitka,AK,57.0532,-135.3309,8863
Lincoln Heights,DC,38.8946,-76.9289,8858
Columbia City,IN,41.1573,-85.4883,8857
Concord,NY,40.6082,-74.0843,8857
East Wenatchee Bench,WA,47.4257,-120.2812,8856
Quakertown,PA,40.4418,-75.3416,8855
Swissvale,PA,40.4237,-79.8828,8855
Matawan,NJ,40.4148,-74.2296,8853
South Amboy,NJ,40.4779,-74.2907,8846
Fort Irwin,CA,35.2627,-116.6847,8845
Clanton,AL,32.8387,-86.6294,8844
Craig,CO,40.5153,-107.5464,8844
Newark,NY,43.0467,-77.0952,8843
Bernalillo,NM,35.3,-106.5511,8843
Isle of Normandy,FL,25.8529,-80.1351,8841
Lake Wylie,SC,35.1085,-81.0429,8841
Waihee-Waiehu,HI,20.9302,-156.5046,8841
White Meadow Lake,NJ,40.9237,-74.5107,8836
Riverside,IL,41.835,-87.8228,8835
Milford,NH,42.8354,-71.649,8835
Conning Towers-Nautilus Park,CT,41.3855,-72.0688,8834
New Albany,MS,34.4943,-89.0078,8830
Waterford,CA,37.6413,-120.7605,8824
Garrison,MD,39.4059,-76.7605,8823
Jeffries Point,MA,42.3654,-71.0328,8823
Whippany,NJ,40.8245,-74.4171,8822
Lake Villa,IL,42.417,-88.074,8821
New Richmond,WI,45.123,-92.5366,8821
Maysville,KY,38.6412,-83.7444,8819
Tuskegee,AL,32.4241,-85.691,8817
Plainedge,NY,40.7173,-73.4837,8817
Booneville,MS,34.6581,-88.5667,8816
Cresskill,NJ,40.9415,-73.9593,8812
Cloverdale,CA,38.8055,-123.0172,8811
'Ahuimanu,HI,21.4447,-157.8378,8810
Picnic Point,WA,47.8811,-122.3284,8809
Dunn Loring,VA,38.8934,-77.2216,8803
Itasca,IL,41.975,-88.0073,8798
Miles City,MT,46.4083,-105.8406,8796
Collingdale,PA,39.9118,-75.2771,8792
Delta,CO,38.7422,-108.069,8791
Lapeer,MI,43.0514,-83.3188,8790
Franklin,KY,36.7223,-86.5772,8787
Columbus,NJ,40.0726,-74.7207,8783
East York,PA,39.9737,-76.6864,8777
Woodway,TX,31.506,-97.205,8777
Incline Village,NV,39.2513,-119.973,8777
Orosi,CA,36.545,-119.2873,8770
Meadowbrook,AL,33.4021,-86.6967,8769
Edgewood,KY,39.0187,-84.5819,8769
Clinton,NC,34.998,-78.3233,8767
Andover,MA,42.6584,-71.137,8762
Rotonda West,FL,26.8837,-82.2901,8759
Saint Stephens,NC,35.7646,-81.2731,8759
Fuller Heights,FL,27.9092,-81.9981,8758
Gig Harbor,WA,47.3293,-122.5801,8753
Thief River Falls,MN,48.1191,-96.1812,8752
Marathon,FL,24.7138,-81.0904,8750
Leisure World,MD,39.1023,-77.069,8749
Cape Saint Claire,MD,39.0432,-76.445,8747
Barre,VT,44.197,-72.502,8746
Anderson Mill,TX,30.4549,-97.8058,8744
Oxford,NC,36.3107,-78.5908,8742
Woodmoor,CO,39.1014,-104.8475,8741
Poteau,OK,35.0537,-94.6236,8732
Audubon,NJ,39.8909,-75.073,8730
West Athens,CA,33.9233,-118.3034,8729
Wharton,TX,29.3116,-96.1027,8726
Socorro,NM,34.0584,-106.8914,8722
Mentone,CA,34.07,-117.1345,8720
Cortez,CO,37.3489,-108.5859,8715
Wagoner,OK,35.9595,-95.3694,8713
Moundsville,WV,39.9203,-80.7431,8710
Pryor,OK,36.3084,-95.3169,8708
Pine Lake Park,NJ,40.0032,-74.2565,8707
Flowood,MS,32.3096,-90.139,8705
Orange Park,FL,30.1661,-81.7065,8702
Kennedy Township,PA,40.4776,-80.1031,8701
Asbury Lake,FL,30.0491,-81.8215,8700
Milton,WA,47.2482,-122.3129,8697
Ha'iku,HI,20.9155,-156.3219,8694
Park Hills,MO,37.8542,-90.5182,8692
Murphy,MO,38.4903,-90.4871,8690
Farmingdale,NY,40.7326,-73.4454,8688
Redlands,CO,39.0789,-108.6356,8685
Blacklick Estates,OH,39.9051,-82.8643,8682
Lacombe,LA,30.3135,-89.9431,8679
Seabrook,NH,42.8948,-70.8712,8679
Rodeo,CA,38.033,-122.2669,8679
Clarendon Hills,IL,41.7975,-87.9548,8676
Victoria,MN,44.8586,-93.6616,8676
Edgemere,MD,39.242,-76.448,8669
East Franklin,NJ,40.4933,-74.4711,8669
Frostburg,MD,39.6581,-78.9284,8667
Southwest Schuylkill,PA,39.9448,-75.2038,8666
Riverdale,UT,41.1769,-112.0038,8666
Closter,NJ,40.9731,-73.9615,8662
Beaver Falls,PA,40.752,-80.3192,8661
Sellersburg,IN,38.3981,-85.755,8659
Greenville,RI,41.8712,-71.552,8658
Golden Hills,CA,35.1425,-118.4904,8656
Cedar Park,PA,39.9504,-75.2274,8653
Westwood,MI,42.3028,-85.6336,8653
Hampstead,NH,42.8745,-71.1812,8650
Little Falls,MN,45.9763,-94.3625,8649
Fort Stockton,TX,30.894,-102.8793,8649
Florence,OR,43.9826,-124.0998,8649
Angola,IN,41.6348,-84.9994,8644
Irvine Health and Science Complex,CA,33.658,-117.7652,8644
East Grand Forks,MN,47.93,-97.0245,8643
Clinton,SC,34.4726,-81.8807,8637
Montague,MA,42.5356,-72.5351,8637
Hanover,NH,43.7023,-72.2895,8636
Harwood Heights,IL,41.9672,-87.8076,8635
Burlington,WA,48.4757,-122.3254,8633
Monroe,NY,41.3306,-74.1868,8632
Princeton,IN,38.3553,-87.5675,8626
Old Orchard Beach,ME,43.5173,-70.3775,8624
Citrus Springs,FL,28.9975,-82.4707,8622
La Grange,KY,38.4076,-85.3788,8619
Bacliff,TX,29.5069,-94.9924,8619
Willowbrook,IL,41.7698,-87.9359,8613
Palm Beach,FL,26.7056,-80.0364,8612
Tuba City,AZ,36.135,-111.2399,8611
Port Jervis,NY,41.3751,-74.6927,8609
Bennettsville,SC,34.6174,-79.6848,8605
Morrisville,PA,40.2115,-74.7879,8605
Fort Valley,GA,32.5538,-83.8874,8597
Ladue,MO,38.6498,-90.3807,8597
Sallisaw,OK,35.4604,-94.7875,8596
Napoleon,OH,41.3923,-84.1252,8595
Alondra Park,CA,33.8895,-118.3309,8592
Helotes,TX,29.578,-98.6898,8591
Fort Bliss,TX,31.8136,-106.4122,8591
Chester,IL,37.9137,-89.8221,8588
Virginia,MN,47.5233,-92.5366,8587
Weare,NH,43.0948,-71.7306,8583
Thompsonville,CT,41.997,-72.599,8577
Mecca,CA,33.5722,-116.0782,8577
Carencro,LA,30.3171,-92.049,8575
Southside,AL,33.9245,-86.0225,8572
Des Peres,MO,38.6009,-90.4329,8572
Malverne,NY,40.679,-73.674,8571
Bonadelle Ranchos-Madera Ranchos,CA,36.9847,-119.8746,8569
Carbondale,PA,41.5737,-75.5019,8566
Kirby,TX,29.4633,-98.3856,8550
Lowell,AR,36.2553,-94.1308,8549
North Haledon,NJ,40.9551,-74.186,8548
North Madison,OH,41.825,-81.056,8547
Country Club Estates,GA,31.2127,-81.4643,8545
Cold Springs,NV,39.6802,-119.9766,8544
Linganore,MD,39.411,-77.302,8543
Westwego,LA,29.906,-90.1423,8542
Calimesa,CA,34.0039,-117.062,8542
Richmond Heights,FL,25.6315,-80.3689,8541
Sunset Hills,MO,38.5389,-90.4073,8539
Winchester,TN,35.1859,-86.1122,8539
Lake Park,FL,26.8003,-80.0664,8538
Holualoa,HI,19.6198,-155.9483,8538
Earlimart,CA,35.8841,-119.2723,8537
Elsmere,KY,39.0126,-84.6047,8536
Lincoln City,OR,44.9582,-124.0179,8536
Live Oak,CA,39.2757,-121.66,8531
Aransas Pass,TX,27.9095,-97.15,8530
Signal Mountain,TN,35.1226,-85.3439,8528
North Weeki Wachee,FL,28.5501,-82.5589,8524
Alliance,NE,42.1016,-102.8722,8522
Northfield,NJ,39.3704,-74.5502,8521
Temperance,MI,41.7792,-83.5688,8517
Bradford,PA,41.9559,-78.6439,8507
Westlake Village,CA,34.1458,-118.8056,8507
Monson,MA,42.1043,-72.319,8505
Plymouth,WI,43.7486,-87.977,8505
Jefferson City,TN,36.1223,-83.4924,8504
Corrales,NM,35.2378,-106.6067,8502
Clayton,NJ,39.6601,-75.0921,8493
Mystic Island,NJ,39.5443,-74.3824,8493
Orrville,OH,40.8437,-81.764,8491
Franklin,VA,36.6776,-76.9225,8490
Northridge,OH,39.8076,-84.1969,8487
Wakefield-Peacedale,RI,41.4461,-71.5004,8487
Midway City,CA,33.7447,-117.9892,8485
Richmond Heights,MO,38.6287,-90.3196,8481
Woodburn,VA,38.8475,-77.2361,8480
Spotswood,NJ,40.3918,-74.3985,8476
Mount Rainier,MD,38.9415,-76.965,8475
Tuscumbia,AL,34.7312,-87.7025,8474
North Elba,NY,44.2434,-73.9543,8474
Gonzales,CA,36.5066,-121.4444,8473
Freetown,MA,41.7668,-71.0328,8472
Indian Harbour Beach,FL,28.1489,-80.5884,8471
Perkasie,PA,40.3721,-75.2927,8471
Jerseyville,IL,39.12,-90.3285,8469
Fairless Hills,PA,40.1795,-74.8552,8466
Dormont,PA,40.3959,-80.0331,8465
South Kensington,MD,39.013,-77.071,8462
Hamilton Worcester,MA,42.2562,-71.7676,8460
Kensington,CT,41.6354,-72.7687,8459
Fallon,NV,39.4735,-118.7774,8458
Elwood,IN,40.277,-85.8419,8455
Rossmoor,MD,39.1037,-77.0711,8453
Cambridge,MN,45.5727,-93.2244,8451
Haledon,NJ,40.9357,-74.1863,8451
Franklin,NH,43.4442,-71.6473,8450
Beverly Hills,FL,28.9169,-82.4582,8445
Greenville,MI,43.1775,-85.2528,8444
Glens Falls North,NY,43.3351,-73.6825,8443
Montvale,NJ,41.0468,-74.0229,8442
Alderwood Manor,WA,47.808,-122.261,8442
Boonton,NJ,40.9026,-74.4071,8441
Perry Heights,OH,40.7953,-81.4734,8441
Oak Grove,MN,45.3408,-93.3269,8439
Bryan,OH,41.4748,-84.5524,8436
Yelm,WA,46.942,-122.606,8434
Mount Pleasant,IA,40.9636,-91.5579,8433
Audubon,PA,40.1279,-75.4318,8433
Paris,IL,39.6112,-87.6961,8432
Pineville,NC,35.0832,-80.8923,8429
Mason,MI,42.5792,-84.4436,8427
Charlestown,RI,41.3832,-71.6417,8421
Millersville,PA,39.9979,-76.3541,8420
Los Altos Hills,CA,37.3797,-122.1375,8419
Barrington,NH,43.2229,-71.047,8417
Riverside,CT,41.0337,-73.5782,8416
Birch Bay,WA,48.9179,-122.7446,8413
Wyoming,OH,39.2312,-84.4658,8411
Lansdowne,MD,39.2451,-76.6605,8409
Lake Elmo,MN,44.9958,-92.8794,8406
Hoquiam,WA,46.9809,-123.8893,8405
Boonville,MO,38.9736,-92.7432,8403
Bedminster,PA,40.4259,-75.1791,8402
Gateway,FL,26.5776,-81.7504,8401
Bogota,NJ,40.8762,-74.0299,8400
Perryville,MO,37.7242,-89.8612,8398
Siler City,NC,35.7235,-79.4622,8396
Highland Heights,OH,41.552,-81.4784,8396
Breaux Bridge,LA,30.2735,-91.8993,8395
Harrodsburg,KY,37.7623,-84.8433,8394
Rice Lake,WI,45.5061,-91.7382,8391
August,CA,37.9788,-121.2622,8390
Delavan,WI,42.6331,-88.6437,8389
Guntersville,AL,34.3582,-86.2945,8385
Glenside,PA,40.1023,-75.1521,8384
Menominee,MI,45.1078,-87.6143,8382
Runnemede,NJ,39.8523,-75.0679,8381
Bow Bog,NH,43.1206,-71.5115,8381
Upper Saddle River,NJ,41.0584,-74.0985,8379
Sanatoga,PA,40.2451,-75.5952,8378
Price,UT,39.5994,-110.8107,8378
Floris,VA,38.9371,-77.4128,8375
Tecumseh,MI,42.0039,-83.9449,8372
Golden Valley,AZ,35.2233,-114.223,8370
Dalhart,TX,36.0595,-102.5132,8370
Mahopac,NY,41.3723,-73.7335,8369
Saint Joseph,MI,42.1098,-86.48,8365
Smithfield,VA,36.9824,-76.6311,8364
Lakes,AK,61.6071,-149.3086,8364
Congers,NY,41.1506,-73.9454,8363
Ocean Pointe,HI,21.3107,-158.0364,8361
Bridgeport,WV,39.2865,-80.2562,8359
Brockport,NY,43.2137,-77.9392,8357
Wesley Chapel,NC,35.0071,-80.6745,8355
Half Moon,NC,34.826,-77.4594,8352
Oberlin,OH,41.2939,-82.2174,8350
Rio Vista,CA,38.1639,-121.6958,8348
Johnstown,NY,43.0067,-74.3676,8345
Tompkinsville,NY,40.6381,-74.078,8343
Skidaway Island,GA,31.9349,-81.047,8341
Hornell,NY,42.3278,-77.6611,8336
Roxboro,NC,36.3937,-78.9828,8334
Denison,IA,42.0178,-95.3553,8334
Gering,NE,41.8258,-103.6605,8334
Saint Marys,OH,40.5423,-84.3894,8332
Fairview,TN,35.982,-87.1214,8331
Firebaugh,CA,36.8588,-120.456,8330
Mill Creek,PA,39.9662,-75.2155,8324
South Lockport,NY,43.1501,-78.6967,8324
Burtonsville,MD,39.1112,-76.9325,8323
Folsom,PA,39.8898,-75.3252,8323
Hillsboro,TX,32.011,-97.13,8321
Center Line,MI,42.485,-83.0277,8320
Absecon,NJ,39.4284,-74.4957,8317
Fountain Inn,SC,34.689,-82.1957,8317
Williston,VT,44.4376,-73.0682,8314
Humboldt,TN,35.8198,-88.9159,8313
Litchfield,NH,42.8443,-71.4798,8307
Fort Mitchell,KY,39.0595,-84.5474,8306
Bath,ME,43.9106,-69.8206,8305
North Bay Village,FL,25.8462,-80.1539,8302
Ashland,NJ,39.8632,-75.006,8302
Doylestown,PA,40.3101,-75.1299,8301
Cedar Hills,OR,45.5048,-122.7984,8300
Mayo,MD,38.8876,-76.5119,8298
Cheviot,OH,39.157,-84.6133,8295
Arab,AL,34.3182,-86.4958,8295
Shiprock,NM,36.7856,-108.687,8295
Pleasant Hill,MO,38.7875,-94.2694,8289
Topanga,CA,34.0936,-118.6015,8289
Sugarmill Woods,FL,28.7322,-82.5062,8287
Little Cottonwood Creek Valley,UT,40.6044,-111.8294,8285
Toccoa,GA,34.5773,-83.3324,8283
Hobart,WI,44.4993,-88.1499,8283
Lake Carmel,NY,41.4615,-73.671,8282
Blanchard,OK,35.1378,-97.6581,8280
Oroville East,CA,39.5113,-121.4752,8280
Seneca,SC,34.6857,-82.9532,8279
Black Mountain,NC,35.6179,-82.3212,8278
Kings Grant,NC,34.2629,-77.8636,8278
Makaha,HI,21.4663,-158.2104,8278
Pike Road,AL,32.2843,-86.103,8274
Lewistown,PA,40.5992,-77.5714,8271
Croton-on-Hudson,NY,41.2084,-73.8912,8269
East Foothills,CA,37.3811,-121.8174,8269
Bithlo,FL,28.5547,-81.1064,8268
Charles Village,MD,39.3232,-76.6133,8267
Athol,MA,42.5959,-72.2267,8265
Hopkinton,RI,41.4612,-71.7776,8261
Rapid Valley,SD,44.0625,-103.1463,8260
Brookland,DC,38.9329,-76.9841,8259
Rolling Hills Estates,CA,33.7878,-118.3581,8258
Fabens,TX,31.5023,-106.1586,8257
Claymont,DE,39.8007,-75.4596,8253
Nevada,MO,37.8392,-94.3547,8253
Bel Air,CA,34.0833,-118.4487,8253
Bellevue,PA,40.494,-80.0517,8252
Pleasant Hills,PA,40.3356,-79.9606,8252
The Parks At Walter Reed,DC,38.974,-77.0296,8252
Elkhorn,NE,41.345,-96.256,8251
Wood-Ridge,NJ,40.8457,-74.0879,8249
Conover,NC,35.7065,-81.2187,8248
Castle Shannon,PA,40.3648,-80.0223,8235
Bastrop,TX,30.1105,-97.3153,8231
Vinton,VA,37.281,-79.897,8231
Albion,MI,42.2431,-84.753,8229
Tremonton,UT,41.7119,-112.1655,8227
Helena Valley Southeast,MT,46.6153,-111.9216,8227
Saint Anthony,MN,45.0205,-93.218,8226
Fair Oaks,GA,33.9165,-84.5447,8225
Sangaree,SC,33.0354,-80.1279,8220
Spring Valley Lake,CA,34.4936,-117.2683,8220
Boiling Springs,SC,35.0465,-81.9818,8219
Oradell,NJ,40.9587,-74.0368,8218
Eaton,OH,39.7439,-84.6366,8217
Bloomingdale,NJ,41.002,-74.3265,8215
Kenilworth,NJ,40.6765,-74.2907,8215
Hooper,UT,41.1638,-112.1224,8214
Heath,TX,32.8365,-96.475,8211
Kenton,OH,40.647,-83.6097,8211
McFarland,WI,43.0125,-89.2898,8209
Pewaukee,WI,43.0806,-88.2612,8208
Lincoln,MA,42.4259,-71.304,8197
Ketchikan,AK,55.3418,-131.6476,8197
Tanaina,AK,61.6269,-149.4281,8197
Oak Hills Place,LA,30.3599,-91.0876,8195
Delmar,NY,42.622,-73.8326,8195
Kulpsville,PA,40.2429,-75.3366,8194
Wynne,AR,35.2245,-90.7868,8193
Grove City,PA,41.1578,-80.0887,8193
Crete,IL,41.4445,-87.6314,8191
Whitehouse,TX,32.2268,-95.2255,8189
Triangle,VA,38.5468,-77.3367,8188
Oak Grove,SC,33.7782,-80.9668,8183
Congress Heights,DC,38.8429,-77.0002,8180
Ripley,TN,35.7454,-89.5298,8176
Geneseo,NY,42.7959,-77.817,8173
Laurel,FL,27.1438,-82.4616,8171
East Somerville,MA,42.3867,-71.0839,8170
Farmville,VA,37.3021,-78.3919,8169
Greenbriar,VA,38.8734,-77.4008,8166
Long Grove,IL,42.1784,-87.9978,8166
Bedminster,NJ,40.6807,-74.6454,8165
Monona,WI,43.0622,-89.334,8164
Hillsdale,MI,41.9201,-84.6305,8163
Pismo Beach,CA,35.1427,-120.6413,8162
Chestnut Ridge,NY,41.0843,-74.0557,8158
Hillside,IL,41.8778,-87.9028,8155
Trinidad,CO,37.1695,-104.5005,8153
Fairdale,KY,38.1051,-85.7588,8148
Oak Hill,WV,37.9723,-81.1487,8140
Buxton,ME,43.6379,-70.5189,8136
Hailey,ID,43.5196,-114.3153,8134
Savoy,IL,40.0547,-88.2517,8133
Diamondhead,MS,30.3946,-89.3639,8132
Park City,UT,40.6461,-111.498,8128
London,KY,37.129,-84.0833,8126
Glover Park,DC,38.9209,-77.0772,8124
Saint Rose,LA,29.9469,-90.3231,8122
Abingdon,VA,36.7098,-81.9774,8119
New Baltimore,VA,38.7673,-77.7283,8119
Mahtomedi,MN,45.0697,-92.9516,8116
Wytheville,VA,36.9485,-81.0848,8115
Brazil,IN,39.5237,-87.125,8109
Boulder Hill,IL,41.7125,-88.3362,8108
Oakdale,NY,42.2512,-73.7801,8107
Beebe,AR,35.0706,-91.8796,8106
Warrenton,MO,38.8114,-91.1415,8106
Baldwin Harbor,NY,40.6395,-73.6085,8102
Richland Hills,TX,32.816,-97.2281,8098
Oak Brook,IL,41.8328,-87.929,8091
Perry,IA,41.8386,-94.1072,8089
Charlestown,IN,38.4531,-85.6702,8088
Flushing,MI,43.0631,-83.8511,8086
Latrobe,PA,40.3212,-79.3795,8081
Hillview,KY,38.0698,-85.6855,8080
Island Lake,IL,42.2761,-88.192,8080
Manhasset,NY,40.7979,-73.6996,8080
Brookhaven,PA,39.8693,-75.3824,8078
Montpelier,VT,44.2601,-72.5754,8074
West Livingston,TX,30.6983,-95.0019,8071
Mount Joy,PA,40.1098,-76.5033,8071
Northfield,NJ,40.7743,-74.3246,8070
South San Gabriel,CA,34.0491,-118.0946,8070
West Frankfort,IL,37.8978,-88.9315,8067
Spanish Fort,AL,30.6749,-87.9153,8065
Ludington,MI,43.9553,-86.4526,8058
Brentwood,MO,38.6176,-90.3493,8057
New Square,NY,41.1396,-74.0294,8057
Mahomet,IL,40.1953,-88.4042,8056
Boston,NY,42.629,-78.7375,8049
Old Forge,PA,41.3712,-75.7349,8048
Ephrata,WA,47.3176,-119.5537,8047
West Gate,VA,38.7829,-77.4975,8046
Union,SC,34.7154,-81.6237,8045
Bailey,CO,39.4055,-105.4733,8042
Millis,MA,42.1676,-71.3578,8040
Ashland,WI,46.5924,-90.8838,8040
Alamo Heights,TX,29.485,-98.4659,8038
Raritan,NJ,40.5695,-74.6329,8031
South Beach,NY,40.5833,-74.0761,8029
Belgrade,MT,45.776,-111.1769,8029
Briarcliff Manor,NY,41.1457,-73.8238,8028
West Cambridge/Harvard Square,MA,42.3725,-71.1195,8023
Londontowne,MD,38.9335,-76.5494,8018
Bothell East,WA,47.8063,-122.1843,8018
Marstons Mills,MA,41.6562,-70.4161,8017
Rayne,LA,30.2349,-92.2685,8016
Ryers,PA,40.0637,-75.0871,8015
Hastings-on-Hudson,NY,40.9945,-73.8787,8014
York,SC,34.9943,-81.242,8009
Orono,MN,44.9714,-93.6044,8006
Bellevue,OH,41.2737,-82.8416,8005
West Haven-Sylvan,OR,45.5161,-122.7681,8001
Davidsonville,MD,38.9229,-76.6283,8000
Ellsworth Air Force Base,SD,44.1439,-103.0751,8000
Georgia Avenue / Walter Reed,DC,38.9826,-77.0263,7996
Wetumpka,AL,32.5437,-86.2119,7994
West Long Branch,NJ,40.2904,-74.0176,7994
Montrose,VA,37.5207,-77.3783,7993
Grand Blanc,MI,42.9275,-83.6299,7993
Dexter,MO,36.7959,-89.9579,7992
Oak Grove,KY,37.3442,-86.7547,7989
Cheat Lake,WV,39.672,-79.8534,7988
Wellington,KS,37.2653,-97.3717,7987
Summit,WA,47.1618,-122.3571,7985
Campbell,OH,41.0784,-80.5992,7982
North Star,DE,39.7612,-75.7191,7980
Newton,NJ,41.0581,-74.7527,7979
South Boston,VA,36.6987,-78.9014,7976
West Gate,FL,26.7026,-80.0981,7975
Mascoutah,IL,38.4903,-89.7931,7975
Blair,NE,41.5444,-96.125,7975
White City,OR,42.4374,-122.832,7975
Oakdale,NY,40.744,-73.1387,7974
Houghton,MI,47.1219,-88.569,7970
Stayton,OR,44.8007,-122.7945,7969
Senatobia,MS,34.6176,-89.9687,7963
Hyrum,UT,41.6341,-111.8522,7962
Hawthorn Woods,IL,42.217,-88.0495,7961
Conshohocken,PA,40.0793,-75.3016,7956
Manvel,TX,29.4627,-95.358,7950
Caldwell,NJ,40.8398,-74.2765,7948
Downingtown,PA,40.0065,-75.7033,7946
Mammoth Lakes,CA,37.6486,-118.9721,7946
Four Corners,MD,39.0204,-77.0127,7945
Maplewood,MO,38.6125,-90.3246,7945
Francisville,KY,39.1051,-84.7244,7944
Bridge City,TX,30.0208,-93.8457,7941
Jefferson,WI,43.0056,-88.8073,7941
Oak Grove,MO,39.005,-94.1294,7937
Baxter,MN,46.3433,-94.2867,7934
Cumberland Hill,RI,41.9745,-71.467,7934
Carnegie,PA,40.4087,-80.0834,7931
Ilion,NY,43.0151,-75.0354,7926
Camp Hill,PA,40.2398,-76.92,7923
Waller,WA,47.2007,-122.3693,7922
Broadview,IL,41.8639,-87.8534,7918
Gold River,CA,38.6263,-121.2466,7912
Sutherlin,OR,43.3901,-123.3126,7912
Crestwood Village,NJ,39.9482,-74.3607,7907
Decorah,IA,43.3033,-91.7857,7907
Colonie,NY,42.7179,-73.8335,7906
Fairwood,WA,47.7668,-117.4174,7905
Maryville,IL,38.7237,-89.9559,7902
Holly Springs,MS,31.3157,-89.9779,7901
Jersey Village,TX,29.8877,-95.563,7900
Wahpeton,ND,46.2652,-96.6059,7899
Pike Creek,DE,39.7309,-75.7041,7898
Lake Dallas,TX,33.1193,-97.0256,7892
Wilmington Manor,DE,39.6868,-75.5844,7889
Winnemucca,NV,40.973,-117.7357,7887
Plaistow,NH,42.8365,-71.0948,7885
University Park,CA,33.6625,-117.8095,7885
Helena Valley West Central,MT,46.6629,-112.0604,7883
Skiatook,OK,36.3684,-96.0014,7880
Dumbarton,VA,37.6038,-77.4914,7879
Ivins,UT,37.1686,-113.6794,7876
Kirtland,NM,36.7342,-108.3598,7875
Middletown,KY,38.2454,-85.5388,7874
Mill Plain,WA,45.6429,-122.494,7874
Spring Hill,MA,42.3859,-71.1093,7873
Olivette,MO,38.6653,-90.376,7870
Sans Souci,SC,34.8779,-82.424,7869
Antigo,WI,45.1403,-89.1523,7869
Cushing,OK,35.9851,-96.767,7867
Calumet Park,IL,41.6628,-87.6606,7865
Saint Johns,MI,43.0011,-84.5592,7865
York,NE,40.8681,-97.592,7864
Marion,NC,35.684,-82.0093,7861
Cleveland,TX,30.3413,-95.0855,7858
Lake Purdy,AL,33.4301,-86.6805,7857
Ellsworth,ME,44.5434,-68.4195,7857
Brooksville,FL,28.5555,-82.3899,7854
Creston,IA,41.0586,-94.3614,7854
Southwest Ranches,FL,26.0587,-80.3373,7852
Temple Hills,MD,38.814,-76.9455,7852
Arcadia,FL,27.2159,-81.8584,7851
Mount Vista,WA,45.7343,-122.6329,7850
Kalifornsky,AK,60.4183,-151.29,7850
Gilford,NH,43.5476,-71.4067,7849
Memphis,FL,27.5359,-82.5612,7848
Greenville,AL,31.8296,-86.6178,7845
Port Jefferson,NY,40.9465,-73.0693,7842
Bridgewater,MA,41.9904,-70.975,7841
Sheboygan Falls,WI,43.732,-87.8221,7840
Fort Scott,KS,37.8398,-94.7083,7838
Port Jefferson Station,NY,40.9254,-73.0473,7838
Sandpoint,ID,48.2766,-116.5533,7835
Quincy,FL,30.5871,-84.5833,7830
Hartsville,SC,34.374,-80.0734,7826
Lexington,TN,35.6509,-88.3934,7822
Fort Lupton,CO,40.0847,-104.813,7822
Village Green-Green Ridge,PA,39.8636,-75.4255,7822
Canal Winchester,OH,39.8428,-82.8046,7818
Plainville,MA,42.0043,-71.3328,7817
Caribou,ME,46.8606,-68.012,7816
Webster City,IA,42.4694,-93.8161,7814
Milan,TN,35.9198,-88.7589,7813
Wyoming,MN,45.3364,-92.9972,7813
Tribeca,NY,40.7154,-74.0093,7811
Prien,LA,30.1819,-93.2738,7810
Othello,WA,46.826,-119.1753,7809
Wellington,CO,40.7039,-105.0086,7807
Garden City Park,NY,40.7409,-73.6626,7806
Bernardsville,NJ,40.7187,-74.5693,7801
Star,ID,43.6921,-116.4935,7797
Winslow,ME,44.547,-69.6212,7794
Donaldsonville,LA,30.1011,-90.9941,7792
Grand Ledge,MI,42.7534,-84.7464,7791
Crookston,MN,47.7741,-96.6081,7787
Wilson,PA,40.684,-75.2418,7781
Lake Geneva,WI,42.5917,-88.4334,7778
Lake Stickney,WA,47.8766,-122.2621,7777
White Oak,PA,40.3376,-79.8092,7775
Summit Park,UT,40.7458,-111.6116,7775
Baldwinsville,NY,43.1587,-76.3327,7770
Harrison,TN,35.1137,-85.138,7769
Murphysboro,IL,37.7645,-89.3351,7768
Newport,AR,35.6048,-91.2818,7767
Glen,MD,39.3563,-76.6907,7766
Fort Riley North,KS,39.1108,-96.8139,7761
Hales Corners,WI,42.9375,-88.0487,7759
Three Rivers,MI,41.9439,-85.6325,7752
Butner,NC,36.1321,-78.7567,7751
Sanger,TX,33.3632,-97.1739,7747
Ruidoso,NM,33.3317,-105.673,7739
Brevard,NC,35.2334,-82.7343,7735
Saint Martin,MS,30.438,-88.8681,7730
Carl Junction,MO,37.1767,-94.5655,7729
Scotia,NY,42.8265,-73.9643,7727
River Oaks,TX,32.7771,-97.3945,7724
Dock Junction,GA,31.2024,-81.5168,7721
Mukwonago,WI,42.8667,-88.3334,7721
Wading River,NY,40.9504,-72.8426,7719
Fort Dix,NJ,40.0298,-74.6185,7716
Kennedale,TX,32.6468,-97.2258,7715
Thousand Palms,CA,33.82,-116.3903,7715
Bloomingdale,NJ,40.4976,-74.6474,7714
Lynwood,IL,41.6836,-88.3937,7713
Winsted,CT,41.9212,-73.0601,7712
Hollis,NH,42.7431,-71.5917,7711
Oakdale,LA,30.816,-92.6604,7710
Bridge City,LA,29.9333,-90.1701,7706
Fern Park,FL,28.6492,-81.3512,7704
Butler,NJ,41.0037,-74.3415,7701
Ripon,WI,43.8422,-88.8359,7700
Emerson,NJ,40.9762,-74.0263,7697
Saint Johns,MO,38.7134,-90.3432,7690
Hollymead,VA,38.1171,-78.4417,7690
Monahans,TX,31.5943,-102.8927,7690
Lampasas,TX,31.0638,-98.1817,7687
Lander,WY,42.833,-108.7307,7686
Derby,CO,39.8394,-104.9186,7685
Selah,WA,46.654,-120.5301,7682
South Beloit,IL,42.4931,-89.0368,7680
Pope Air Force Base  (historical),NC,35.1713,-79.0104,7680
West Helena,AR,34.5507,-90.6418,7679
Kenilworth,DC,38.9059,-76.9403,7679
Sebastopol,CA,38.4021,-122.8239,7678
Galliano,LA,29.4422,-90.2993,7676
Fruitvale,CO,39.0817,-108.4968,7675
Walnut Village,CA,33.7097,-117.7965,7675
Templeton,CA,35.5497,-120.706,7674
Duvall,WA,47.7423,-121.9857,7674
Kenai,AK,60.5544,-151.2583,7661
Glen Ridge,NJ,40.8054,-74.2038,7660
Dunbar,WV,38.3606,-81.7374,7659
Southwood Acres,CT,41.9626,-72.5715,7657
Woodlake,CA,36.4136,-119.0987,7654
Fanwood,NJ,40.6409,-74.3835,7651
Pittston,PA,41.3259,-75.7894,7651
Quail Hill,CA,33.6511,-117.7755,7651
Ford Island,HI,21.3498,-157.9592,7651
Hubbard,OH,41.1564,-80.5692,7650
Cherry Hill,MD,39.2548,-76.6344,7647
Williamsburg,FL,28.4144,-81.4429,7646
Ridgefield,CT,41.2815,-73.4982,7645
Gilberts,IL,42.1034,-88.3729,7638
Port Wentworth,GA,32.1491,-81.1632,7637
Maple Glen,PA,40.0156,-79.9767,7635
Robinson,IL,39.0053,-87.7392,7631
Halifax,MA,41.9912,-70.862,7631
Fair Plain,MI,42.087,-86.4559,7631
Kronenwetter,WI,44.8222,-89.5904,7630
Ojai,CA,34.4481,-119.2429,7627
Fairfax,CA,37.9871,-122.5889,7626
Easton,CT,41.2529,-73.2973,7625
Old Town,ME,44.9342,-68.6453,7624
Hood River,OR,45.7054,-121.5215,7624
Pebble Creek,FL,28.1484,-82.3457,7622
Morehead,KY,37.2711,-87.1764,7622
Hitchcock,TX,29.3483,-95.016,7621
Jasper,TX,30.9202,-93.9966,7619
Park City,KS,37.8,-97.3184,7618
Powdersville,SC,34.7918,-82.4929,7618
Pulaski,TN,35.1998,-87.0308,7617
Ellwood City,PA,40.8617,-80.2865,7617
Evergreen,MT,48.2258,-114.2762,7616
Shorewood,MN,44.9008,-93.5891,7614
West Boylston,MA,42.3668,-71.7856,7612
Sound Beach,NY,40.9562,-72.9679,7612
Holly Springs,MS,34.7676,-89.4487,7610
Brighton,MI,42.5295,-83.7802,7609
Gettysburg,PA,39.8309,-77.2311,7608
Bonner Springs,KS,39.0597,-94.8836,7606
DuBois,PA,41.1192,-78.76,7597
Yreka,CA,41.7354,-122.6345,7597
Acton,CA,34.47,-118.1967,7596
Wynnefield Heights,PA,40.0035,-75.2046,7595
Big Flats Airport,NY,42.1693,-76.8898,7595
Princeton,IL,41.3681,-89.4648,7594
Cheswolde,MD,39.364,-76.6891,7592
Richfield,UT,38.7725,-112.0841,7592
Berlin,NJ,39.7912,-74.9291,7590
Clear Lake,IA,43.138,-93.3794,7590
Manor,TX,30.3408,-97.557,7587
Seaford,DE,38.6412,-75.611,7586
Inverness,IL,42.1181,-88.0962,7583
Fletcher,NC,35.4307,-82.5012,7582
New Prague,MN,44.5433,-93.5761,7582
Sappington,MO,38.537,-90.3798,7580
Center Moriches,NY,40.8004,-72.7898,7580
McCook,NE,40.2019,-100.6257,7580
Seffner,FL,27.9836,-82.2756,7579
Newton Upper Falls,MA,42.314,-71.2195,7579
Willow Street,PA,39.9793,-76.2763,7578
Centerville,GA,32.6301,-83.6896,7575
Dayton,TX,30.0466,-94.8852,7575
Pukalani,HI,20.8367,-156.3367,7574
Northridge,OH,39.9917,-83.7785,7572
Sandston,VA,37.5235,-77.3158,7571
St Johnsbury,VT,44.4253,-72.0151,7571
Meadow Lakes,AK,61.6247,-149.6011,7570
Pasadena Hills,FL,28.28,-82.2244,7570
Catalina,AZ,32.5056,-110.9211,7569
Wilson,PA,40.3101,-79.8914,7564
Hillcrest,NY,41.1279,-74.041,7558
Tiverton,RI,41.6259,-71.2134,7557
Country Club Estates,GA,33.9893,-83.4096,7555
Lamar,CO,38.0872,-102.6208,7555
Orland,CA,39.7474,-122.1964,7550
Corning,CA,39.9277,-122.1792,7548
Murrells Inlet,SC,33.551,-79.0414,7547
River Rouge,MI,42.2734,-83.1344,7546
Gonzales,TX,29.5016,-97.4525,7544
Garnet,CA,33.927,-116.477,7543
Yorkshire,VA,38.7932,-77.4478,7541
Rathdrum,ID,47.8124,-116.8966,7538
Waterboro,ME,43.5356,-70.7151,7532
Rhinelander,WI,45.6366,-89.4121,7526
Rockton,IL,42.4525,-89.0723,7525
Auburn,GA,34.0137,-83.8277,7524
Escalon,CA,37.7978,-120.9979,7523
Seminole,OK,35.2245,-96.6706,7522
Highlands,TX,29.8188,-95.056,7522
Fort Lee,VA,37.4957,-77.3353,7520
Chester Springs,PA,40.0951,-75.6169,7520
Herkimer,NY,43.0256,-74.986,7519
Waite Park,MN,45.5572,-94.2242,7517
Connellsville,PA,40.0179,-79.5895,7515
Green,OR,43.1604,-123.3679,7515
Haddon Heights,NJ,39.8773,-75.0646,7514
Lancaster,MA,42.4556,-71.6731,7509
Oak Island,NC,33.9166,-78.1611,7507
Clewiston,FL,26.7542,-80.9337,7505
Iron Mountain,MI,45.8202,-88.066,7504
Ashland,VA,37.759,-77.48,7503
Marengo,IL,42.2486,-88.6084,7503
Crystal City,TX,28.6775,-99.8281,7496
Plymouth,MA,41.9584,-70.6673,7494
Melrose Park,FL,26.1134,-80.1934,7492
Silvis,IL,41.5123,-90.4151,7491
Page,AZ,36.9147,-111.4558,7490
Oakland,TN,35.229,-89.5151,7488
Monessen,PA,40.1484,-79.8878,7483
Saint Louis,MI,43.4084,-84.6067,7482
South Berwick,ME,43.2345,-70.8095,7480
Aurora,MO,36.9709,-93.718,7477
Navasota,TX,30.388,-96.0877,7476
Salem,UT,40.053,-111.6735,7475
Rockville,CT,41.8668,-72.4495,7474
Bemis,MA,42.3687,-71.2037,7472
Swainsboro,GA,32.5974,-82.3337,7471
Citrus Hills,FL,28.8883,-82.4326,7470
Villa Hills,KY,39.0634,-84.593,7468
Fishersville,VA,38.099,-78.9692,7462
Sioux Center,IA,43.0797,-96.1756,7461
Pembroke,NH,43.1467,-71.4576,7461
LaFollette,TN,36.3829,-84.1199,7456
Charles City,IA,43.0664,-92.6724,7455
Palmyra,PA,40.309,-76.5933,7451
Seminole,TX,32.719,-102.6449,7448
Irondale,GA,33.4807,-84.3588,7446
Nantucket,MA,41.2835,-70.0995,7446
Orting,WA,47.0979,-122.2043,7446
Cotati,CA,38.3269,-122.7072,7445
Oak Grove,KY,36.6651,-87.4428,7444
Twin Rivers,NJ,40.264,-74.4913,7443
Mentor-on-the-Lake,OH,41.705,-81.3604,7443
Middletown,PA,40.644,-75.3324,7441
Pinson,AL,33.689,-86.6833,7438
Lemoore Station,CA,36.2633,-119.9048,7438
Melissa,TX,33.2859,-96.5728,7436
Lugoff,SC,34.2274,-80.6893,7434
Gresham Park,GA,33.7034,-84.3144,7432
Dunellen,NJ,40.5893,-74.4718,7431
Celebration,FL,28.3253,-81.5331,7427
Round Lake Park,IL,42.357,-88.0768,7426
Calipatria,CA,33.1256,-115.5142,7424
Battery Park City,NY,40.7115,-74.0162,7422
Mount Horeb,WI,43.0086,-89.7385,7421
Independent Hill,VA,38.636,-77.4378,7419
Brattleboro,VT,42.8509,-72.5579,7414
Joshua Tree,CA,34.1347,-116.3131,7414
Fairlawn,OH,41.1278,-81.6098,7413
Hatboro,PA,40.1743,-75.1068,7411
Washington,IA,41.2992,-91.6929,7408
Fair Oaks Ranch,TX,29.7458,-98.6434,7407
McGregor,FL,26.5609,-81.9145,7406
Ormond-by-the-Sea,FL,29.3491,-81.0665,7406
Mexia,TX,31.6799,-96.4822,7406
Midland Beach,NY,40.5732,-74.0946,7402
Larose,LA,29.5724,-90.3817,7400
Roanoke,TX,33.004,-97.2258,7400
Manhattan,IL,41.4225,-87.9859,7400
Globe,AZ,33.3942,-110.7865,7396
West Dundee,IL,42.0981,-88.2829,7395
Park City,IL,42.3484,-87.8842,7392
Philadelphia,MS,32.7715,-89.1167,7391
Chehalis,WA,46.6621,-122.964,7391
Northport,NY,40.9009,-73.3432,7390
Corbin,KY,36.9487,-84.0969,7389
Clinton,MA,42.4168,-71.6829,7389
Cohasset,MA,42.2418,-70.8037,7388
Glastonbury Center,CT,41.7009,-72.5995,7387
Edgewater Park,NJ,40.0682,-74.9007,7387
Batesville,MS,34.3115,-89.9443,7385
Felida,WA,45.7096,-122.7073,7385
Dayton,TN,35.494,-85.0125,7384
Sterling,MA,42.4376,-71.7606,7384
Hughson,CA,37.5969,-120.866,7384
Carneys Point,NJ,39.7112,-75.4702,7382
Tulpehocken,PA,40.0382,-75.1955,7382
Payette,ID,44.0782,-116.9338,7380
Northgate,OH,39.2528,-84.5924,7377
Capitol Gateway,DC,38.8911,-76.9185,7374
Hampton,GA,33.3871,-84.283,7372
Sandwich,IL,41.6459,-88.6217,7366
Quincy,WA,47.2343,-119.8525,7365
Mansfield Center,MA,42.0226,-71.2181,7360
Saint Augustine Shores,FL,29.8108,-81.3103,7359
Canfield,OH,41.0251,-80.7609,7355
Devils Lake,ND,48.1128,-98.8651,7351
Bay Wood,NY,40.7501,-73.2912,7350
Hampden,MD,39.3309,-76.635,7346
Albertville,MN,45.2377,-93.6544,7345
Murillo Colonia,TX,26.2565,-98.1133,7344
Aberdeen,NC,35.1315,-79.4295,7343
Morrow,GA,33.5832,-84.3394,7338
La Feria,TX,26.159,-97.8239,7338
Hudson,NH,42.7648,-71.4398,7336
Flatwoods,KY,38.5226,-82.7171,7335
Collinsville,VA,36.7151,-79.9153,7335
Nebraska City,NE,40.6767,-95.8592,7335
Williston Park,NY,40.7565,-73.6449,7331
Midland Park,NJ,40.9893,-74.1407,7329
Grandview Heights,OH,39.9798,-83.0407,7328
Hudsonville,MI,42.8709,-85.865,7324
Laughlin,NV,35.1678,-114.573,7323
Floresville,TX,29.1336,-98.1561,7321
Altoona,WI,44.8047,-91.4432,7321
Interlaken,CA,36.9513,-121.7338,7321
Middleborough Center,MA,41.8946,-70.9262,7319
Woodlake,VA,37.4211,-77.6793,7319
Guadalupe,CA,34.9716,-120.5718,7318
Woodlawn,NY,40.8982,-73.8674,7317
Clarkston,WA,46.4163,-117.0456,7317
Wauseon,OH,41.5492,-84.1416,7316
Jennings Lodge,OR,45.3912,-122.6126,7315
Palmyra,NJ,40.0071,-75.0282,7314
Bloomfield,NM,36.7111,-107.9845,7314
Riverdale Park,MD,38.9634,-76.9316,7305
Franklin,LA,29.796,-91.5015,7302
Livingston,MT,45.6624,-110.561,7302
Harrison,WI,44.2278,-88.3359,7302
New Cumberland,PA,40.2323,-76.8847,7295
Hillsborough,NE,41.3004,-96.1288,7290
Fort Bragg,CA,39.4457,-123.8053,7289
Salem,IL,38.627,-88.9456,7287
Buechel,KY,38.1951,-85.6519,7287
Oceano,CA,35.0989,-120.6124,7286
Hastings,MI,42.6459,-85.2908,7284
Westmere,NY,42.6912,-73.8687,7284
Forest City,NC,35.334,-81.8651,7282
Lincolnshire,IL,42.19,-87.9084,7282
Bermuda Dunes,CA,33.7428,-116.2892,7282
Dry Run,OH,39.1042,-84.3305,7281
Green Cove Springs,FL,29.9919,-81.6782,7277
Mead,WA,47.7674,-117.3549,7275
North Springfield,VA,38.8043,-77.2047,7274
Pinon Hills,CA,34.4333,-117.6467,7272
Neptune Beach,FL,30.3119,-81.3965,7269
Odessa,FL,28.1939,-82.5918,7267
Longboat Key,FL,27.4125,-82.659,7266
Westphalia,MD,38.8454,-76.8111,7266
Ville Platte,LA,30.688,-92.2715,7264
Lexington,VA,37.784,-79.4428,7262
Napili-Honokowai,HI,20.9753,-156.6783,7261
Strathmore,NJ,40.3959,-74.2135,7258
Madison,SD,44.0061,-97.114,7258
Tell City,IN,37.9514,-86.7678,7255
New Dorp,NY,40.574,-74.116,7253
Orland Hills,IL,41.5853,-87.8431,7249
Knoxville,IA,41.3208,-93.1094,7248
Homestead Meadows South,TX,31.811,-106.1643,7247
North Patchogue,NY,40.787,-73.009,7246
Bryans Road,MD,38.6271,-77.073,7244
Smithville,NJ,39.494,-74.4571,7242
Southport,NY,42.0548,-76.8191,7238
Rockland,ME,44.1037,-69.1089,7237
Sanibel,FL,26.449,-82.0223,7236
Summit View,WA,47.1363,-122.352,7236
Osceola,AR,35.7051,-89.9695,7233
Inverness,FL,28.8358,-82.3304,7233
Elkins,WV,38.9259,-79.8467,7226
Beacon Square,FL,28.2086,-82.7554,7224
Swanzey,NH,42.8698,-72.2818,7224
Valley Center,KS,37.8347,-97.3734,7222
Woodland Park,CO,38.9939,-105.0569,7222
Saint Francis,MN,45.3869,-93.3594,7218
Putnam,CT,41.9151,-71.909,7214
Leola,PA,40.0879,-76.185,7214
Mount Sterling,KY,38.0565,-83.9433,7208
Mount Vernon,IN,40.6695,-85.8242,7208
Mendota,IL,41.5472,-89.1176,7204
Hiawatha,IA,42.0358,-91.6821,7199
Beaconsfield,MA,42.3368,-71.1412,7199
El Rio,CA,34.2358,-119.1638,7198
Tyrone,GA,33.4712,-84.5971,7194
Winooski,VT,44.4914,-73.1857,7193
Pompano Beach Highlands,FL,26.2829,-80.107,7192
Hudson Falls,NY,43.3006,-73.5859,7191
Kosciusko,MS,33.058,-89.5896,7187
Yardville,NJ,40.1812,-74.6643,7186
Makawao,HI,20.8569,-156.3131,7184
Highland Heights,KY,39.0331,-84.4519,7183
Delafield,WI,43.0608,-88.4037,7180
Minnetrista,MN,44.9383,-93.7177,7178
Lake of the Woods,VA,38.3342,-77.7597,7177
Southgate,FL,27.3081,-82.5098,7173
LaFayette,GA,34.7048,-85.2819,7173
Glenolden,PA,39.9001,-75.2891,7173
Pleasantville,NY,41.1329,-73.7926,7173
Great Barrington,MA,42.1959,-73.3621,7172
New London,WI,44.3928,-88.7398,7172
Downtown,MD,39.2911,-76.6152,7171
Douglas,MA,42.0543,-71.7395,7168
Seward,NE,40.907,-97.0989,7167
Atherton,CA,37.4613,-122.1977,7167
Mills River,NC,35.3884,-82.5668,7162
Shamokin,PA,40.789,-76.5589,7162
Moanalua Valley,HI,21.3531,-157.8871,7162
Pacific,MO,38.482,-90.7415,7161
Applewood,CO,39.7578,-105.1625,7160
Heber Springs,AR,35.4915,-92.0313,7156
East Perrine,FL,25.6087,-80.3389,7156
Kaufman,TX,32.589,-96.3089,7156
Sausalito,CA,37.8591,-122.4852,7156
East Hills,NY,40.7937,-73.6271,7155
Pinehurst,MA,42.5293,-71.2281,7152
Blandon,PA,40.4412,-75.8869,7152
Belen,NM,34.6628,-106.7764,7152
Demopolis,AL,32.5176,-87.8364,7148
Catoosa,OK,36.189,-95.7458,7146
Trumann,AR,35.6737,-90.5073,7145
Keyport,NJ,40.4332,-74.1996,7145
Gulf Hills,MS,30.4305,-88.8423,7144
Madison Park,NJ,40.4515,-74.3079,7144
West Vero Corridor,FL,27.6378,-80.4858,7138
Marshfield,MO,37.3387,-92.9071,7138
Jessup,MD,39.1493,-76.7752,7137
Sullivan,MO,38.2081,-91.1604,7135
Mantua,VA,38.8537,-77.2594,7135
Independence,OH,41.3687,-81.6379,7135
Bonne Terre,MO,37.9231,-90.5554,7133
Islamorada,FL,24.9243,-80.6278,7131
Parkwood,WA,47.5331,-122.6101,7126
Broadview Park,FL,26.0995,-80.2087,7125
Pomona,NJ,39.4785,-74.5752,7124
Providence,UT,41.7063,-111.8172,7124
Pacific,WA,47.2645,-122.2501,7123
Fayetteville,TN,35.152,-86.5705,7121
Piedmont,OK,35.642,-97.7464,7118
Logan,OH,39.5401,-82.4071,7117
Greenville,NY,40.9931,-73.8199,7116
Cuero,TX,29.0939,-97.2892,7115
Vandalia,IL,38.9606,-89.0937,7112
Hempstead,TX,30.0974,-96.0783,7110
Walled Lake,MI,42.5378,-83.481,7110
Austell,GA,33.8126,-84.6344,7107
Venice Gardens,FL,27.0731,-82.4076,7104
Village Saint George,LA,30.3621,-91.0673,7104
Fort Belvoir,VA,38.7119,-77.1459,7100
Los Serranos,CA,33.9728,-117.7081,7099
Richland,MS,32.239,-90.1584,7087
Camden,SC,34.2465,-80.607,7085
Whitefish,MT,48.4111,-114.3376,7073
West Glens Falls,NY,43.3001,-73.684,7071
New Paltz,NY,41.7476,-74.0868,7070
University Park,IL,41.443,-87.6836,7070
Ponchatoula,LA,30.4388,-90.4415,7068
Amory,MS,33.9843,-88.4881,7067
Dayton,NJ,40.3726,-74.5101,7063
Fairfield,NJ,40.8837,-74.306,7063
Ten Hills,MA,42.3968,-71.087,7062
King,NC,36.2807,-80.3592,7059
Mims,FL,28.6653,-80.8448,7058
Kill Devil Hills,NC,36.0307,-75.676,7058
Russellville,KY,36.8453,-86.8872,7056
Perry,FL,30.1177,-83.5827,7055
Ocean City,MD,38.3365,-75.0849,7055
Savage,MD,39.1379,-76.8239,7054
Bellbrook,OH,39.6356,-84.0708,7053
Downtown Brooklyn,NY,40.6937,-73.986,7053
Georgetown,DE,38.6901,-75.3855,7051
Milltown,NJ,40.4562,-74.4432,7049
Clinton,IL,40.1536,-88.9645,7048
Pelham,NY,40.9098,-73.8079,7048
Alta Sierra,CA,35.7313,-118.5539,7047
Morehead,KY,38.184,-83.4327,7045
Marshall,MI,42.2723,-84.9633,7045
Benton,IL,37.9967,-88.9201,7041
Eden Isle,LA,30.2285,-89.7987,7041
Crete,NE,40.6278,-96.9614,7037
Ridley Park,PA,39.8812,-75.3238,7035
Milton-Freewater,OR,45.9326,-118.3877,7035
Winters,CA,38.5249,-121.9708,7034
Lakes of the Four Seasons,IN,41.4103,-87.2131,7033
Huntingdon,PA,40.4848,-78.0103,7029
Westminster,MA,42.5459,-71.9106,7028
Mount Carmel,IL,38.4109,-87.7614,7027
Savannah,TN,35.2248,-88.2492,7027
San Martin,CA,37.0849,-121.6102,7027
Delphos,OH,40.8434,-84.3416,7023
Huron,OH,41.395,-82.5552,7022
Withamsville,OH,39.0623,-84.2883,7021
Baltimore Highlands,MD,39.2332,-76.6366,7019
Stratford,NJ,39.8268,-75.0155,7013
Pikeville,KY,37.4793,-82.5188,7012
Dalton,MA,42.4737,-73.1662,7012
Lake Lorraine,FL,30.4416,-86.5652,7010
Umatilla,OR,45.9173,-119.3425,7009
Oak Hill Park,MA,42.2945,-71.1856,7008
Tolleson,AZ,33.45,-112.2593,7008
Idabel,OK,33.8957,-94.8263,7007
Nyack,NY,41.0906,-73.9179,7004
Eagle Mountain,TX,32.8935,-97.4445,7003
Eglin Village,FL,30.463,-86.5394,7000
Ione,CA,38.3527,-120.9327,7000
Tamalpais Valley,CA,37.8796,-122.5458,7000
Kenton,OR,45.5818,-122.6815,7000
North Portland,OR,45.6104,-122.7034,7000
East End,AR,34.5506,-92.341,6998
Pacific Palisades,HI,21.4256,-157.9535,6997
Tallulah,LA,32.4085,-91.1868,6995
Fairfield Glade,TN,36.0003,-84.8863,6989
Fort Myers Beach,FL,26.4527,-81.9501,6983
North Sarasota,FL,27.3739,-82.5184,6982
Orange Lake,NY,41.5398,-74.0982,6982
Kenwood,OH,39.2106,-84.3672,6981
Old Jefferson,LA,30.3827,-91.017,6980
Roosevelt,UT,40.2994,-109.9888,6980
Burton,SC,32.4357,-80.724,6976
Valley Park,MO,38.5492,-90.4926,6974
Middlebury,CT,41.5279,-73.1276,6974
Kingston,RI,41.4804,-71.5226,6974
Linwood,NJ,39.3398,-74.5752,6973
South Weber,UT,41.1324,-111.9302,6971
Freeland,MI,43.525,-84.1228,6969
Norwich,NY,42.5312,-75.5235,6968
Portage Lakes,OH,41.0073,-81.5271,6968
Cameron Park,TX,25.9645,-97.4767,6963
Cameron Park Colonia,TX,25.9715,-97.4783,6963
Archbald,PA,41.4948,-75.5369,6960
Sturtevant,WI,42.6981,-87.8945,6960
Dade City,FL,28.3647,-82.1959,6955
Scappoose,OR,45.7543,-122.8776,6954
La Junta,CO,37.985,-103.5438,6951
Bridgeport,MI,43.3595,-83.8816,6950
Stratham Station,NH,43.0529,-70.8953,6949
Black Jack,MO,38.7934,-90.2673,6947
Etowah,NC,35.3176,-82.5943,6944
Laurel,MT,45.6691,-108.7715,6943
Sidney,NE,41.1428,-102.978,6942
Nolensville,TN,35.9523,-86.6694,6939
Terrace Heights,WA,46.6062,-120.4398,6937
Colonial Heights,TN,36.4851,-82.5032,6934
Live Oak,FL,30.295,-82.984,6931
Auburndale,MA,42.3473,-71.2495,6928
Milton,PA,41.012,-76.8477,6928
Cortland,OH,41.3303,-80.7254,6927
Rumson,NJ,40.3721,-73.999,6926
Great Neck Plaza,NY,40.7868,-73.7265,6925
Moapa Valley,NV,36.5805,-114.4703,6924
Gypsum,CO,39.6469,-106.9517,6922
Hickam Field,HI,21.3397,-157.9602,6920
Robinwood,MD,39.637,-77.6569,6918
Templeton,MA,42.5556,-72.0676,6918
Belle Plaine,MN,44.6227,-93.7686,6918
Saint Albans,VT,44.8109,-73.0832,6918
Galax,VA,36.6612,-80.924,6914
South Cleveland,TN,35.106,-84.89,6912
Alta Sierra,CA,39.1416,-121.0538,6911
Homeacre-Lyndora,PA,40.8721,-79.9206,6906
Elkins Park,PA,40.0771,-75.1268,6901
Stratmoor,CO,38.7739,-104.7797,6900
Litchfield,IL,39.1753,-89.6543,6897
Oasis,CA,33.4659,-116.0989,6890
Treasure Island,FL,27.7692,-82.769,6887
Mountainside,NJ,40.6723,-74.3574,6885
Lucas,TX,33.0843,-96.5767,6883
Gorham,ME,43.6795,-70.4442,6882
Aspen,CO,39.1911,-106.8175,6882
Mount Ivy,NY,41.1868,-74.0349,6878
Tufts University,MA,42.4074,-71.1192,6877
Milford,OH,39.1753,-84.2944,6876
Blackwell,OK,36.8045,-97.2828,6875
Lantana,TX,33.0907,-97.1242,6874
Leitchfield,KY,37.48,-86.2939,6873
Plaquemine,LA,30.2901,-91.235,6871
Pollock Pines,CA,38.7616,-120.5861,6871
Viola,NY,41.1365,-74.0824,6868
Ambridge,PA,40.5892,-80.2251,6859
Jackson,WI,43.3239,-88.1668,6859
Mechanicstown,NY,41.4429,-74.3885,6858
Ephraim,UT,39.3597,-111.5863,6857
Laurel Hill,VA,38.7166,-77.2369,6855
Cottage Grove,WI,43.0761,-89.1996,6854
Mira Monte,CA,34.4336,-119.2851,6854
Schriever,LA,29.7421,-90.8104,6853
North Syracuse,NY,43.1348,-76.1299,6853
Pratt,KS,37.6439,-98.7376,6849
Bargersville,IN,39.5209,-86.1678,6846
Carthage,TX,32.1574,-94.3374,6844
Santa Clara,UT,37.133,-113.6541,6841
Walden,NY,41.5612,-74.1885,6839
Huron,CA,36.2027,-120.1029,6836
Loomis,CA,38.8213,-121.193,6836
Orchard Mesa,CO,39.048,-108.529,6836
Newport,TN,35.967,-83.1877,6834
Atlantic,IA,41.4036,-95.0139,6833
Nevada,IA,42.0228,-93.4524,6831
Mantua,PA,39.9626,-75.1913,6829
Tamaqua,PA,40.7973,-75.9694,6829
Middleton,ID,43.7068,-116.6201,6828
Sidney,MT,47.7167,-104.1563,6828
Roeland Park,KS,39.0375,-94.6322,6827
Sequim,WA,48.0796,-123.1023,6826
Warwick,NY,41.2565,-74.3599,6823
Allendale,NJ,41.0415,-74.129,6822
North Amherst,MA,42.4104,-72.5309,6819
Hewlett,NY,40.6432,-73.6957,6819
Winthrop Harbor,IL,42.4789,-87.8237,6818
Barrington,NJ,39.8648,-75.0552,6817
Carmel Hamlet,NY,41.4149,-73.6852,6817
Buena Vista,MI,43.4203,-83.8986,6816
Wickenburg,AZ,33.9686,-112.7296,6806
Tuttle,OK,35.2909,-97.8123,6805
Stevensville,MD,38.9807,-76.3144,6803
Darnestown,MD,39.1034,-77.2908,6802
Lockwood,MT,45.8191,-108.4149,6797
Kirtland,OH,41.6289,-81.3615,6793
Whitemarsh Island,GA,32.0288,-81.0168,6792
Hornsby Bend,TX,30.2474,-97.5833,6791
Myers Corner,NY,41.6062,-73.8729,6790
Groesbeck,OH,39.2231,-84.5869,6788
Lake City,SC,33.871,-79.7554,6788
Palmer,AK,61.5994,-149.1146,6788
Nappanee,IN,41.4428,-86.0014,6787
Stickney,IL,41.8214,-87.7828,6786
Martins Ferry,OH,40.0959,-80.7245,6786
Landen,OH,39.312,-84.283,6782
Atkinson,NH,42.8384,-71.147,6782
Stanwood,WA,48.2412,-122.3707,6779
Crescent City,CA,41.7559,-124.2018,6774
Gibsonville,NC,36.1057,-79.5422,6773
Hamilton,AL,34.1423,-87.9886,6772
Cos Cob,CT,41.0334,-73.5996,6770
Fairview,GA,34.9456,-85.2844,6769
Taylor Mill,KY,38.9976,-84.4963,6769
East Porterville,CA,36.0575,-118.9757,6767
Clackamas,OR,45.4076,-122.5704,6767
Ogden,NC,34.2724,-77.8186,6766
Bayville,NY,40.9106,-73.5621,6764
Nitro,WV,38.4148,-81.844,6763
West Point,NY,41.3915,-73.956,6763
Commerce,GA,34.204,-83.4571,6762
Belle Harbor,NY,40.5759,-73.8482,6758
Bowleys Quarters,MD,39.3354,-76.3902,6755
Fox Point,WI,43.1575,-87.9018,6755
Grove,OK,36.5937,-94.7691,6751
West Bridgewater,MA,42.019,-71.0078,6750
Mount Olympus,UT,40.6855,-111.7885,6748
Souderton,PA,40.3118,-75.3252,6747
Brook Highland,AL,33.4357,-86.6739,6746
Taneytown,MD,39.6579,-77.1744,6746
Greenbrier,TN,36.4275,-86.8047,6745
Manorhaven,NY,40.8432,-73.7148,6744
Kimberly,WI,44.2722,-88.339,6744
Maple Glen,PA,40.1793,-75.1804,6742
Morrilton,AR,35.1509,-92.7441,6738
Willow Oak,FL,27.9161,-82.0179,6732
Aquia Harbour,VA,38.4626,-77.3889,6727
Milton Upper Mills,MA,42.2612,-71.0953,6725
Brandywine,MD,38.6968,-76.8478,6719
Church Hill,TN,36.5223,-82.7135,6719
Anadarko,OK,35.0726,-98.2437,6717
Marion,SC,34.1782,-79.4006,6714
Watford City,ND,47.8022,-103.2832,6708
De Queen,AR,34.0379,-94.3413,6707
Oyster Bay,NY,40.8657,-73.5321,6707
Parkville,PA,39.7812,-76.9633,6706
Wedgefield,FL,28.4878,-81.0773,6705
Whitinsville,MA,42.1112,-71.6662,6704
Farmington,AR,36.042,-94.2472,6701
Millersville,TN,36.3712,-86.71,6700
Longwood - Winton Grove,CA,37.6593,-122.1093,6700
'Ewa Villages-Honouliuli,HI,21.3453,-158.0512,6699
Big Park,AZ,34.7803,-111.7626,6695
Lower Allen,PA,40.2265,-76.9005,6694
Belle Isle,FL,28.4583,-81.3592,6689
Thomson,GA,33.4707,-82.5046,6689
Silsbee,TX,30.3491,-94.178,6688
Sturgis,SD,44.4097,-103.5091,6688
Fircrest,WA,47.2395,-122.516,6687
West View,PA,40.5223,-80.0342,6685
Clifton Heights,PA,39.9293,-75.2963,6684
Flowery Branch,GA,34.1851,-83.9252,6683
Ettrick,VA,37.2401,-77.43,6682
Belfast,ME,44.4259,-69.0064,6682
Cedarhurst,NY,40.6229,-73.7243,6682
Seneca Falls,NY,42.9106,-76.7966,6681
Clairton,PA,40.2923,-79.8817,6681
Air Force Academy,CO,38.9943,-104.8637,6680
North Bend,WA,47.4957,-121.7868,6679
Eagle,CO,39.6553,-106.8286,6678
Saint Gabriel,LA,30.2577,-91.0993,6677
Dillon,SC,34.4166,-79.3712,6677
Scottsburg,IN,38.6856,-85.7703,6674
Garden Home-Whitford,OR,45.464,-122.7589,6674
South Hill,NY,42.4292,-76.4949,6673
Woodridge,DC,38.9312,-76.9711,6671
Oak Ridge,NC,36.1735,-79.9889,6671
Carbondale,CO,39.4022,-107.2112,6670
Trinity,NC,35.8946,-79.9909,6669
Valley City,ND,46.9233,-98.0032,6669
Torrington,WY,42.0625,-104.1844,6669
Welcome,SC,34.8265,-82.439,6668
Normandy Park,WA,47.4362,-122.3407,6668
Greenville,IL,38.8923,-89.4131,6666
Noble,OK,35.1392,-97.3948,6666
East Rochester,NY,43.1087,-77.4875,6666
East Shoreham,NY,40.9448,-72.8795,6666
North Riverside,IL,41.8428,-87.8231,6665
Madras,OR,44.6335,-121.1295,6662
North Caldwell,NJ,40.8648,-74.2582,6661
Ancient Oaks,PA,40.5473,-75.5893,6661
Opp,AL,31.2827,-86.2555,6658
Litchfield,MN,45.1272,-94.528,6657
Boyes Hot Springs,CA,38.3138,-122.4819,6656
Brier,WA,47.7845,-122.2743,6656
Glen Oaks,NY,40.7471,-73.7115,6655
Wollochet,WA,47.2687,-122.584,6651
Hapeville,GA,33.6601,-84.4102,6650
Pea Ridge,WV,38.414,-82.3199,6650
Montevallo,AL,33.1007,-86.8642,6648
Pingree Grove,IL,42.0686,-88.4134,6648
Elsa,TX,26.2934,-97.9931,6647
Thermalito,CA,39.5113,-121.5869,6646
Tuckahoe,NY,40.9504,-73.8274,6643
Viera West,FL,28.245,-80.7338,6641
Airway Heights,WA,47.6446,-117.5933,6639
Folcroft,PA,39.8909,-75.2838,6637
Tecumseh,OK,35.2578,-96.9367,6630
Camp H.M. Smith,HI,21.3847,-157.9096,6626
Barnesville,GA,33.0546,-84.1557,6625
Elmendorf Air Force Base,AK,61.257,-149.6314,6621
North Vernon,IN,39.0062,-85.6236,6619
Green Hill,TN,36.2228,-86.5494,6618
Buena Vista,VA,37.7343,-79.3539,6618
East Glenville,NY,42.8945,-73.9279,6616
Horseheads,NY,42.167,-76.8205,6616
Farr West,UT,41.2972,-112.0277,6616
Oneonta,AL,33.9481,-86.4728,6615
Wharton,NJ,40.8931,-74.5818,6613
Tappan,NY,41.022,-73.9474,6613
Youngtown,AZ,33.5939,-112.3029,6613
Batesville,IN,39.3,-85.2222,6611
Old Greenwich,CT,41.0229,-73.5649,6611
Gleneagle,CO,39.0453,-104.8244,6611
California,PA,40.0656,-79.8917,6608
Irvington,NY,41.0392,-73.8682,6607
Lacy-Lakeview,TX,31.6293,-97.1028,6604
Emmett,ID,43.8735,-116.4993,6604
Springs,NY,41.0162,-72.1592,6592
Wildwood,FL,28.8654,-82.0406,6590
Middlebury (village),VT,44.0155,-73.1694,6588
Shields,MI,43.4153,-84.0564,6587
Centerville,SC,34.532,-82.704,6586
Strasburg,VA,38.9887,-78.3586,6586
Saint John,MO,38.7148,-90.3463,6584
Carrollton,MI,43.4586,-83.9303,6583
Forest Glen,MD,39.0145,-77.0547,6582
Los Fresnos,TX,26.0717,-97.4764,6582
Gridley,CA,39.3638,-121.6936,6582
Rittman,OH,40.9781,-81.7821,6580
Roslyn Heights,NY,40.7887,-73.6474,6577
Bridesburg,PA,40.0004,-75.0696,6573
Lake Shore,WA,45.6907,-122.6909,6571
Canton,NY,44.5956,-75.1691,6570
Lower Allston,MA,42.3646,-71.1258,6570
Cochituate,MA,42.3209,-71.3642,6569
Siesta Key,FL,27.2678,-82.5453,6565
Richboro,PA,40.2151,-75.0107,6563
Bedford,VA,37.3343,-79.5231,6561
Lawrence,NY,40.6157,-73.7296,6559
Abilene,KS,38.9172,-97.2139,6558
Hillsboro,OH,39.2023,-83.6116,6557
Crockett,TX,31.3182,-95.4566,6554
West Slope,OR,45.4987,-122.7645,6554
Southeast Arcadia,FL,27.1863,-81.8521,6554
Henderson,TN,35.4392,-88.6414,6552
Brook Farm,MA,42.2886,-71.163,6551
Mount Vernon,IN,37.9323,-87.895,6550
Lago Vista,TX,30.4602,-97.9883,6550
West Fens,MA,42.343,-71.0984,6548
Unionville,NC,35.0874,-80.509,6547
Ellettsville,IN,39.2339,-86.625,6544
Inverness Highlands South,FL,28.8006,-82.3371,6542
Seaside,OR,45.9932,-123.9226,6540
Silver Springs Shores,FL,29.1044,-82.0206,6539
Cherry Hills Village,CO,39.6416,-104.9594,6539
Geneseo,IL,41.4481,-90.1543,6538
Laurence Harbor,NJ,40.4568,-74.2465,6536
Yorketown,NJ,40.3079,-74.3376,6535
Lake Hallie,WI,44.8758,-91.4407,6535
Saint Joseph,MN,45.565,-94.3183,6534
North Brighton,MA,42.3584,-71.1384,6531
Douglas,WY,42.7597,-105.3822,6531
Eliot,ME,43.1531,-70.8001,6528
Upper Sandusky,OH,40.8273,-83.2813,6527
Catasauqua,PA,40.6548,-75.4746,6525
Lincoln,AL,33.6132,-86.1183,6524
New Milford,CT,41.577,-73.4085,6523
Riverside,MD,39.2725,-76.6069,6523
Decatur,TX,33.2343,-97.5861,6521
Eatonton,GA,33.3268,-83.3885,6520
Boyette,FL,27.8175,-82.2226,6518
Belle Haven,VA,38.7854,-77.063,6518
Rossford,OH,41.6098,-83.5644,6512
Calverton,NY,40.9065,-72.7434,6510
Riverside,MD,39.1734,-76.8852,6507
Monticello,NY,41.6557,-74.6893,6505
Ambler,PA,40.1546,-75.2216,6505
Avon,CO,39.6314,-106.5222,6505
Lutherville,MD,39.4212,-76.6261,6504
Washington,NJ,40.7584,-74.9793,6498
Ladera Heights,CA,33.9942,-118.3753,6498
Champion Heights,OH,41.29,-80.846,6498
Vandenberg Village,CA,34.7083,-120.4677,6497
De Soto,MO,38.1395,-90.5551,6495
Rockaway,NJ,40.9012,-74.5143,6494
Hurricane,WV,38.4326,-82.0201,6493
Collinsville,OK,36.3645,-95.8389,6492
Johnson Lane,NV,39.048,-119.7221,6490
Macclenny,FL,30.2822,-82.1221,6487
Lovejoy,GA,33.4362,-84.3144,6487
Cheverly,MD,38.9282,-76.9158,6485
Kentfield,CA,37.9522,-122.5572,6485
East Farmingdale,NY,40.7293,-73.4168,6484
Medfield,MA,42.1876,-71.3064,6483
Ishpeming,MI,46.4885,-87.6676,6483
Prospect Park,PA,39.8879,-75.3082,6481
Castroville,CA,36.7658,-121.758,6481
Belpre,OH,39.274,-81.5729,6476
Brookings,OR,42.0526,-124.284,6476
Fort Pierce North,FL,27.4736,-80.3593,6474
Spring Lake Park,MN,45.1077,-93.238,6473
Milford,MI,42.5936,-83.5994,6472
Plattsmouth,NE,41.0114,-95.8822,6462
Powell,WY,44.7538,-108.7574,6462
Union,OH,39.8978,-84.3063,6461
Lauderdale-by-the-Sea,FL,26.192,-80.0964,6460
Ridgefield,WA,45.8151,-122.7426,6455
Lihue,HI,21.9812,-159.3721,6455
University Town Center,CA,33.6516,-117.8343,6455
Thurmont,MD,39.6237,-77.4108,6454
Hamlet,NC,34.8849,-79.6942,6454
Lanett,AL,32.8687,-85.1905,6452
Kula,HI,20.7909,-156.327,6452
Nibley,UT,41.6744,-111.833,6451
Bethel,AK,60.7922,-161.7558,6450
Covedale,OH,39.1212,-84.6063,6447
Geneva,OH,39.662,-82.4335,6447
Nuevo,CA,33.8014,-117.1459,6447
Mattydale,NY,43.0978,-76.1452,6446
Forest Hills,PA,40.4198,-79.85,6443
Oakmont,PA,40.5217,-79.8423,6443
Sudden Valley,WA,48.7229,-122.3465,6441
Pocahontas,AR,36.2615,-90.9712,6438
Bronxville,NY,40.9382,-73.8321,6438
Wheelersburg,OH,38.7304,-82.8555,6437
Landing,NJ,40.9051,-74.6652,6436
Hudson,NY,42.2529,-73.791,6436
Kermit,TX,31.8576,-103.0927,6434
South Monroe,MI,41.8959,-83.4177,6433
Gladewater,TX,32.5365,-94.9427,6432
Exeter,RI,41.5776,-71.5376,6426
Riverside,MD,39.4737,-76.2413,6425
Solvay,NY,43.0581,-76.2074,6425
Cynthiana,KY,38.3903,-84.2941,6423
Whitmore Lake,MI,42.4397,-83.7453,6423
Corry,PA,41.9203,-79.6403,6420
Monument,CO,39.0917,-104.8728,6420
Hillsborough,NC,36.0754,-79.0997,6415
Angora,PA,39.944,-75.2377,6413
Talent,OR,42.2457,-122.7887,6411
Riverton,WA,47.4843,-122.2946,6407
Holtville,CA,32.8112,-115.3803,6404
Inwood,FL,28.037,-81.7651,6403
Sealy,TX,29.7808,-96.1572,6403
Dahlonega,GA,34.5326,-83.9849,6394
West Somerville/Davis Square,MA,42.3959,-71.1226,6393
Waveland,MS,30.2869,-89.3762,6391
Milliken,CO,40.3294,-104.8552,6388
Camp Swift,TX,30.1908,-97.2922,6383
Bartonville,IL,40.6503,-89.6521,6382
Blue Grass,PA,40.0657,-75.0274,6382
Bridgeport,TX,33.2101,-97.7548,6381
Eudora,KS,38.9433,-95.0986,6378
Mattapoisett,MA,41.6584,-70.8161,6378
Wimauma,FL,27.7125,-82.299,6373
Moraine,OH,39.7062,-84.2194,6373
Purcell,OK,35.0137,-97.3611,6370
Prairie View,TX,30.0933,-95.9877,6369
Fort Lincoln,DC,38.9223,-76.9564,6367
Cherry Valley,CA,33.9725,-116.9772,6362
Hampstead,MD,39.6048,-76.85,6359
Bremen,GA,33.7212,-85.1455,6355
Everman,TX,32.631,-97.2892,6352
Bellwood,VA,37.4218,-77.4375,6352
Howland Center,OH,41.2512,-80.7454,6351
Woodfin,NC,35.6334,-82.5821,6349
Pelican Bay,FL,26.2312,-81.8056,6346
White Oak,TX,32.5279,-94.8613,6345
Walnut Hills,OH,39.127,-84.4841,6344
Iowa Park,TX,33.9515,-98.6687,6344
Garrett,IN,41.3495,-85.1355,6344
Eastwood,MI,42.3031,-85.5503,6340
Huntington Woods,MI,42.4806,-83.1669,6340
Morton,PA,40.0418,-75.183,6338
Edinboro,PA,41.8742,-80.1317,6335
Metropolis,IL,37.1512,-88.732,6334
Woodlawn,MD,38.9496,-76.8914,6334
Blakely,PA,41.4809,-75.5946,6334
Linglestown,PA,40.334,-76.7891,6334
Pembroke Park,FL,25.9879,-80.1748,6333
Leesville,LA,31.1435,-93.261,6333
Arlington Heights,PA,40.9901,-75.2163,6333
Kathleen,FL,28.1209,-82.0231,6332
Glenarden,MD,38.9293,-76.8616,6326
Clarkston Heights-Vineland,WA,46.3874,-117.083,6326
Roseland,CA,38.4221,-122.728,6325
Gulf Breeze,FL,30.3571,-87.1639,6323
Red Lion,PA,39.9009,-76.6058,6321
Canutillo,TX,31.9115,-106.6003,6321
Walker,LA,30.488,-90.8615,6318
Mulvane,KS,37.4745,-97.2439,6314
Louisville,MS,33.1237,-89.0551,6314
Willis,TX,30.4249,-95.4799,6313
Johnsburg,IL,42.38,-88.242,6310
Selma,NC,35.5365,-78.2844,6307
Franklin,PA,41.3978,-79.8314,6302
Zuni Pueblo,NM,35.0725,-108.8506,6302
Valley Falls,SC,35.0159,-81.9748,6299
Plain City,UT,41.298,-112.0861,6299
Skowhegan,ME,44.7651,-69.7192,6297
Parkville,MO,39.195,-94.6822,6296
Homeland Park,SC,34.4707,-82.6707,6296
Bee Cave,TX,30.3085,-97.945,6292
Columbiana,OH,40.8884,-80.694,6291
Rolesville,NC,35.9232,-78.4575,6289
Wendell,NC,35.781,-78.3697,6285
Dighton,MA,41.814,-71.1203,6283
Fairmount,MA,42.2515,-71.1148,6282
Marble Falls,TX,30.5784,-98.2751,6281
South Williamsport,PA,41.232,-76.9991,6281
Carlstadt,NJ,40.8404,-74.0907,6279
Spreckelsville,HI,20.8969,-156.415,6276
Back of the Hill,MA,42.3293,-71.111,6272
Knottsville,KY,37.7717,-86.9042,6270
Fowler,CA,36.6305,-119.6785,6266
Enoch,UT,37.7733,-113.0244,6265
Red Chute,LA,32.556,-93.6132,6261
Clyde,OH,41.3042,-82.9752,6260
Estes Park,CO,40.3772,-105.5217,6257
Shrewsbury,MO,38.5903,-90.3368,6254
Kodiak,AK,57.7885,-152.4053,6253
Bellefonte,PA,40.9134,-77.7783,6248
Wilmore,KY,37.862,-84.6616,6247
Merrimac,MA,42.8306,-71.0023,6245
Jackson,OH,39.052,-82.6365,6243
Danville,AL,34.4145,-87.0875,6242
Ave Maria,FL,26.3367,-81.4381,6242
Ramtown,NJ,40.121,-74.1437,6242
Burnet,TX,30.7582,-98.2284,6239
Margate City,NJ,39.3279,-74.5035,6237
East Aurora,NY,42.7678,-78.6134,6236
Dunlap,IN,41.6378,-85.9217,6235
Ben Lomond,CA,37.0891,-122.0863,6234
Eldridge,IA,41.6581,-90.5846,6232
Columbia,MS,31.2518,-89.8376,6229
Conley,GA,33.6448,-84.3258,6228
Cullowhee,NC,35.3137,-83.1765,6228
Chillicothe,IL,40.9223,-89.4862,6226
Kingston,NH,42.9365,-71.0534,6225
Harriman,TN,35.934,-84.5524,6224
Mila Doce,TX,26.2262,-97.9589,6222
Harrisville,UT,41.2813,-111.9883,6221
Hobart,WA,47.4218,-121.9729,6221
Indian River Estates,FL,27.3645,-80.3098,6220
Aptos,CA,36.9772,-121.8994,6220
Otis Orchards-East Farms,WA,47.7099,-117.0798,6220
Pittville,PA,40.0573,-75.1446,6218
Salem,IN,38.6056,-86.1011,6217
Swarthmore,PA,39.9021,-75.3499,6211
Steilacoom,WA,47.1698,-122.6026,6211
Tarrant,AL,33.5834,-86.7728,6210
East Garden City,NY,40.7308,-73.5981,6208
Pepper Pike,OH,41.4784,-81.4637,6204
New Dorp Beach,NY,40.5654,-74.1029,6201
Green Knoll,NJ,40.6001,-74.6121,6200
Orange City,IA,43.0072,-96.0584,6198
Old City,PA,39.9465,-75.1468,6197
Saint Johnsbury,VT,44.4192,-72.0151,6193
Lionville,PA,40.0537,-75.6599,6189
Raton,NM,36.9034,-104.4391,6187
Portland,IN,40.4345,-84.9778,6186
Satsuma,AL,30.8532,-88.0561,6182
Waltherson,MD,39.3465,-76.5627,6181
Marvin,NC,34.9918,-80.8148,6181
Keene,TX,32.3968,-97.3239,6181
Boonville,IN,38.0492,-87.2742,6180
Inniswold,LA,30.4049,-91.0834,6180
Goddard,MD,38.9896,-76.8533,6177
Plymouth Meeting,PA,40.1023,-75.2743,6177
Guadalupe,AZ,33.3709,-111.9629,6177
Saint Augustine Beach,FL,29.8505,-81.2653,6176
East Alton,IL,38.8803,-90.1112,6176
Princeton,KY,37.1092,-87.882,6174
Killingworth,CT,41.3582,-72.5637,6174
Braidwood,IL,41.265,-88.2123,6172
Elm Grove,WI,43.0431,-88.079,6172
Pigeon Forge,TN,35.7884,-83.5543,6171
Schuyler,NE,41.4472,-97.0595,6171
Cold Spring,KY,39.0217,-84.4399,6170
Ware,MA,42.2598,-72.2398,6170
Holly,MI,42.792,-83.6277,6169
Kennett Square,PA,39.8468,-75.7116,6167
Northborough,MA,42.3195,-71.6412,6167
Grafton,OH,41.2726,-82.0546,6165
Jamul,CA,32.717,-116.8761,6163
Sandtown-Winchester,MD,39.3038,-76.6426,6162
International Falls,MN,48.6011,-93.411,6158
Darlington,SC,34.2999,-79.8762,6155
Bella Vista,PA,39.9354,-75.1571,6154
Sky Lake,FL,28.4572,-81.3915,6153
Oelwein,IA,42.6733,-91.9135,6153
Pauls Valley,OK,34.7401,-97.2223,6152
Aztec,NM,36.8222,-107.9929,6147
Village of Oak Creek (Big Park),AZ,34.7809,-111.7623,6147
Elsmere,DE,39.7393,-75.598,6146
Miramar Beach,FL,30.3744,-86.3586,6146
District Heights,MD,38.8576,-76.8894,6144
East Pasadena,CA,34.1381,-118.0738,6144
Groveland,MA,42.7604,-71.0315,6143
Keolu Hills,HI,21.3764,-157.725,6143
La'ie,HI,21.6455,-157.9225,6138
Carolina Beach,NC,34.0352,-77.8936,6137
Bell Road (historical),PA,39.9068,-75.2338,6137
Lincroft,NJ,40.3307,-74.121,6135
West Greenwich,RI,41.637,-71.66,6135
Rockford,MI,43.12,-85.56,6134
Lynchburg,TN,35.2831,-86.3742,6132
Larchmont,NY,40.9279,-73.7518,6132
Theodore,AL,30.5477,-88.1753,6130
Hampshire,IL,42.0978,-88.5304,6130
Eldorado at Santa Fe,NM,35.5264,-105.9347,6130
Orlovista,FL,28.5383,-81.4604,6123
Kasson,MN,44.03,-92.7507,6123
Brunswick,MD,39.3143,-77.6278,6116
Saint Martinville,LA,30.1252,-91.8334,6114
Ontario,OH,40.7595,-82.5902,6111
Enola,PA,40.2901,-76.9339,6111
Monroeville,AL,31.5279,-87.3247,6110
Stone Mountain,GA,33.8082,-84.1702,6109
Munford,TN,35.4492,-89.8151,6108
'Ewa Villages,HI,21.3413,-158.0397,6108
Patterson,LA,29.6933,-91.302,6106
Oxford,MA,42.1168,-71.8648,6103
Twin Lakes,CO,39.825,-105.0047,6101
Childress,TX,34.4265,-100.204,6101
Osprey,FL,27.1962,-82.4904,6100
Ulysses,KS,37.5814,-101.3552,6097
Pimmit Hills,VA,38.9129,-77.2008,6094
Twin Lakes,WI,42.5311,-88.2481,6094
Sheridan,OR,45.0993,-123.3948,6094
Lucas Valley-Marinwood,CA,38.0401,-122.5755,6094
Monticello,KY,36.8298,-84.8491,6090
Littlefield,TX,33.9173,-102.3249,6090
Clarion,PA,41.2148,-79.3853,6089
Harvard,MA,42.5001,-71.5828,6085
Manistee,MI,44.2445,-86.3243,6084
Indiantown,FL,27.0273,-80.4856,6083
Latimer,MS,30.5346,-88.8667,6079
Truth or Consequences,NM,33.1284,-107.2528,6079
Rushville,IN,39.6092,-85.4464,6077
Queen Village,PA,39.9343,-75.1485,6077
Jordan,MN,44.6669,-93.6269,6076
Gunnison,CO,38.5458,-106.9253,6076
De Soto,KS,38.9792,-94.9686,6074
Slaton,TX,33.4373,-101.6435,6072
Fruit Heights,UT,41.0322,-111.9022,6072
Pahokee,FL,26.8201,-80.6653,6071
Willows,CA,39.5243,-122.1936,6069
Blue Bell,PA,40.1523,-75.2663,6067
Joshua,TX,32.4615,-97.3881,6066
Rochester,IN,41.0648,-86.2158,6065
Willard,OH,41.0531,-82.7263,6063
Los Ranchos de Albuquerque,NM,35.162,-106.6428,6063
Red Lion,PA,40.4806,-75.616,6055
Bangor Trident Base,WA,47.7227,-122.7145,6054
Geneva,OH,41.8051,-80.9481,6051
Avra Valley,AZ,32.4378,-111.3154,6050
Sylvester,GA,31.5309,-83.8369,6049
Rindge,NH,42.7512,-72.0098,6049
Sunnyvale,TX,32.7965,-96.5608,6044
Hillandale,MD,39.0265,-76.9741,6043
Mount Healthy,OH,39.2337,-84.5458,6039
Sheridan,CO,39.6469,-105.0253,6039
East Falmouth,MA,41.5784,-70.5586,6038
Stewartville,MN,43.8555,-92.4885,6037
Las Flores,CA,34.0372,-118.6359,6037
Union Gap,WA,46.5573,-120.4751,6037
Bay Harbor Islands,FL,25.8876,-80.1312,6036
Huntingburg,IN,38.2989,-86.955,6035
Princeton,WV,37.3662,-81.1026,6035
Somerset,PA,40.0084,-79.0781,6032
Cambria,CA,35.5641,-121.0807,6032
Berthoud,CO,40.3083,-105.0811,6031
Kingsland,TX,30.6582,-98.4406,6030
Clearfield,PA,41.0273,-78.4392,6030
Fair Haven,NJ,40.3607,-74.0382,6029
Jamesburg,NJ,40.3526,-74.4402,6029
Independence,IA,42.4686,-91.8893,6028
West Concord,MA,42.4584,-71.3953,6028
Taylor,PA,41.3948,-75.7066,6025
Surfside,FL,25.8784,-80.1256,6024
Meridianville,AL,34.8515,-86.5722,6021
Yoakum,TX,29.2877,-97.1519,6016
Old Tappan,NJ,41.0106,-73.9912,6016
Lakemoor,IL,42.3286,-88.199,6015
Waupaca,WI,44.358,-89.0859,6014
Whitestown,IN,39.9973,-86.3458,6013
West Yarmouth,MA,41.6501,-70.2411,6012
Finley,WA,46.154,-119.0339,6012
Estherville,IA,43.4016,-94.8328,6011
Northville,MI,42.4312,-83.4833,6010
Lake Mohegan,NY,41.3179,-73.8462,6010
McKees Rocks,PA,40.4656,-80.0656,6010
West Haven,OR,45.5176,-122.7695,6009
Roanoke,AL,33.1512,-85.3722,6005
Stow,MA,42.437,-71.5056,6005
Countryside,IL,41.7828,-87.8781,6002
Battlefield,MO,37.1156,-93.3702,6001
James Island,SC,32.7237,-79.9628,6000
Albion,NY,43.2465,-78.1936,5998
Ralston,NE,41.2053,-96.0425,5994
Walkersville,MD,39.4862,-77.3519,5993
Posen,IL,41.6317,-87.6814,5992
Hartford City,IN,40.4511,-85.37,5992
Paulsboro,NJ,39.8304,-75.2405,5989
Maquoketa,IA,42.0689,-90.6657,5989
Gun Barrel City,TX,32.3346,-96.1514,5985
Milan,MI,42.0853,-83.6824,5983
Spring Hill,KS,38.7431,-94.8255,5981
Glenham-Belhar,MD,39.35,-76.5486,5981
Erwin,TN,36.1451,-82.4168,5979
Peoria Heights,IL,40.7473,-89.574,5979
Cut Off,LA,29.5427,-90.3381,5976
Fort Meade,FL,27.7523,-81.8017,5975
Cherryville,NC,35.3787,-81.379,5974
Medina,MN,45.0352,-93.5825,5973
Notre Dame,IN,41.7002,-86.2379,5973
North Manchester,IN,41.0006,-85.7686,5971
Las Flores,CA,33.5881,-117.6267,5971
Kekaha-Waimea,HI,21.9718,-159.6927,5971
Homeland,CA,33.7431,-117.1092,5969
Gas City,IN,40.4873,-85.613,5968
Naples Park,FL,26.2617,-81.8093,5967
Northern Liberties,PA,39.9659,-75.1463,5966
Belmont,VA,39.0648,-77.51,5966
West Miami,FL,25.7634,-80.2962,5965
Villa Park,CA,33.8145,-117.8131,5964
South Valley Stream,NY,40.6559,-73.7176,5962
Marion,VA,36.8348,-81.5148,5957
Port Clinton,OH,41.512,-82.9377,5957
Chickasaw,AL,30.7638,-88.0747,5954
Prospect Park,NJ,40.937,-74.1743,5953
Alpine,TX,30.3586,-103.6621,5952
Silver Hill,MD,38.8418,-76.9458,5950
Du Quoin,IL,38.0114,-89.2362,5949
Yaphank,NY,40.8368,-72.9171,5945
Pontotoc,MS,34.2479,-88.9987,5944
Wailea,HI,20.6897,-156.4419,5938
Wesley Hills,NY,41.1593,-74.0699,5935
Colusa,CA,39.2143,-122.0094,5935
Steelton,PA,40.2354,-76.8414,5932
Sweetwater,TN,35.6015,-84.461,5931
Topsham,ME,43.9276,-69.9759,5931
Caruthersville,MO,36.1931,-89.6556,5930
Laveen,AZ,33.3628,-112.1693,5930
Hebron,KY,39.0659,-84.7011,5929
Glendale,MO,38.5959,-90.3771,5927
Rensselaer,IN,40.9367,-87.1509,5927
Cocoa West,FL,28.3594,-80.7711,5925
Progreso,TX,26.0923,-97.9572,5922
Hilton,NY,43.2881,-77.7933,5921
East Port Orchard,WA,47.5234,-122.6243,5919
Walpole,MA,42.1418,-71.2495,5918
Woodcliff Lake,NJ,41.0234,-74.0665,5917
Watchung,NJ,40.6379,-74.451,5916
Little Silver,NJ,40.3368,-74.0471,5913
Roseburg North,OR,43.269,-123.351,5912
West Hattiesburg,MS,31.3191,-89.3751,5909
Yorktown,PA,39.9734,-75.153,5909
Ramblewood,NJ,39.9287,-74.9438,5907
New Whiteland,IN,39.5581,-86.0953,5906
Reservoir,MA,42.3348,-71.1484,5904
Brookville,OH,39.8367,-84.4113,5900
James City,NC,35.0888,-77.0349,5899
Charles Town,WV,39.289,-77.8597,5899
Attalla,AL,34.0218,-86.0886,5899
Norwood,PA,39.8918,-75.2996,5898
Carrizo Springs,TX,28.5219,-99.8606,5898
Heathrow,FL,28.7633,-81.3722,5896
Trenton,MO,40.0789,-93.6166,5896
Raleigh Hills,OR,45.4807,-122.762,5896
Robertsdale,AL,30.5538,-87.7119,5894
Bellevue,KY,39.1065,-84.4788,5892
Central City,KY,37.2939,-87.1233,5892
Tanglewilde-Thompson Place,WA,47.0512,-122.7808,5892
Tanglewilde,WA,47.0515,-122.7824,5892
Harrah,OK,35.4895,-97.1636,5891
Laurel Bay,SC,32.4502,-80.7848,5891
New Brighton,PA,40.7303,-80.3101,5891
Bridgewater,VA,38.3821,-78.9767,5889
Vancleave,MS,30.5405,-88.6875,5886
Fulshear,TX,29.69,-95.8997,5886
Lecanto,FL,28.8516,-82.4876,5882
Dickson City,PA,41.4715,-75.6077,5877
Roseland,NJ,40.8207,-74.2938,5876
Crafton,PA,40.4351,-80.0662,5876
South Patrick Shores,FL,28.2022,-80.6095,5875
Delano,MN,45.0419,-93.7891,5875
Lewistown,MT,47.0625,-109.4282,5874
Chesapeake Beach,MD,38.6862,-76.5347,5873
Wescosville,PA,40.5668,-75.553,5872
Yarmouth,ME,43.8006,-70.1867,5869
Norwood,NJ,40.9982,-73.9618,5869
Prosser,WA,46.2068,-119.7689,5869
Zephyrhills West,FL,28.2308,-82.2056,5865
Richmond,MI,42.8092,-82.7558,5864
Mount Zion,IL,39.7714,-88.8742,5862
Portland,CT,41.5729,-72.6406,5862
Punxsutawney,PA,40.9437,-78.9709,5861
Lee Acres,NM,35.1487,-106.647,5858
Lee Acres,NM,36.6989,-108.0367,5858
Plumas Lake,CA,39.0207,-121.558,5853
Dowagiac,MI,41.9842,-86.1086,5851
Orange Beach,AL,30.2944,-87.5736,5850
Shawmont,PA,40.0529,-75.236,5850
Berkley,MA,41.8459,-71.0828,5849
Kingston,TN,35.8809,-84.5085,5846
Junction City,OR,44.2193,-123.2057,5842
Woodland,WA,45.9046,-122.744,5842
Country Homes,WA,47.7485,-117.4044,5841
Buckner,KY,38.3837,-85.44,5837
Simsbury Center,CT,41.8809,-72.8112,5836
Plymouth,PA,41.2404,-75.9446,5832
High Springs,FL,29.8269,-82.5968,5831
Sandown,NH,42.9287,-71.187,5827
Medina,NY,43.2201,-78.387,5827
Hellertown,PA,40.5795,-75.3407,5824
Byron Center,MI,42.8122,-85.7228,5822
Heathcote,NJ,40.3887,-74.5757,5821
Bensley,VA,37.4468,-77.4433,5819
Greenville,PA,41.4045,-80.3912,5819
Branford Center,CT,41.2774,-72.8151,5819
Carterville,IL,37.76,-89.0773,5818
Meraux,LA,29.9302,-89.9162,5816
Charleston,MO,36.9209,-89.3506,5815
Manasquan,NJ,40.1262,-74.0493,5815
Saint Helena,CA,38.5052,-122.4703,5814
Ada,OH,40.7695,-83.8227,5811
Lucerne Valley,CA,34.4439,-116.9678,5811
Warren,AR,33.6126,-92.0646,5804
Shady Side,MD,38.8418,-76.5122,5803
Volney,NY,43.3428,-76.3577,5801
Fruitridge Pocket,CA,38.5326,-121.4558,5800
The Village of Indian Hill,OH,39.1795,-84.3352,5798
Lake Mills,WI,43.0814,-88.9118,5798
Ranchettes,WY,41.2186,-104.7903,5798
Tierra Buena,CA,39.1488,-121.6669,5797
DeFuniak Springs,FL,30.721,-86.1152,5795
Union,KY,38.9459,-84.6805,5795
Spring Ridge,MD,39.4015,-77.3525,5795
Windcrest,TX,29.5155,-98.3803,5794
Prospect Park,NJ,40.2404,-74.7663,5794
Edna,TX,28.9786,-96.6461,5792
Belvedere,SC,33.531,-81.9448,5792
Selinsgrove,PA,40.799,-76.8622,5792
Tellico Village,TN,35.6832,-84.2552,5791
Locust Grove,GA,33.346,-84.1091,5790
Boiling Spring Lakes,NC,34.0305,-78.0672,5789
Washingtonville,NY,41.4279,-74.166,5788
Cheshire Village,CT,41.5026,-72.8995,5786
Hollidaysburg,PA,40.4273,-78.3889,5784
Fort Wright,KY,39.0517,-84.5341,5781
Cheraw,SC,34.6977,-79.8834,5778
Chadron,NE,42.8294,-102.9999,5775
Lewisburg,PA,40.9645,-76.8844,5774
McCordsville,IN,39.9081,-85.9228,5773
Belding,MI,43.0978,-85.2289,5769
Henryetta,OK,35.4398,-95.9819,5765
Luling,TX,29.6805,-97.6475,5764
Milton Center,MA,42.2543,-71.08,5763
Vine Grove,KY,37.8101,-85.9814,5760
Prairie du Chien,WI,43.0517,-91.1412,5757
Malone,NY,44.8487,-74.2949,5756
Gustine,CA,37.2577,-120.9988,5756
Jamestown,RI,41.4971,-71.3673,5755
Sandersville,GA,32.9815,-82.8101,5752
Moosic,PA,41.3534,-75.7382,5751
Holdenville,OK,35.0804,-96.3992,5750
Bay Harbor,MI,45.3641,-85.0821,5749
Elburn,IL,41.8922,-88.4723,5748
Southold,NY,41.0648,-72.4262,5748
Granville,OH,40.0681,-82.5196,5747
Centerville,IA,42.0928,-93.9355,5745
Kuli'ou'ou,HI,21.2876,-157.739,5745
Clover,SC,35.1112,-81.2265,5744
Trooper,PA,40.1498,-75.4018,5744
South Oroville,CA,39.481,-121.536,5742
Solvang,CA,34.5958,-120.1376,5741
McRae,GA,32.068,-82.9007,5740
Taos,NM,36.4072,-105.5731,5740
Oceanport,NJ,40.3182,-74.0151,5739
Beardstown,IL,40.0175,-90.4243,5738
Groveport,OH,39.8784,-82.8838,5737
Grayson Valley,AL,33.6482,-86.6394,5736
Sinton,TX,28.0367,-97.5092,5736
Augusta,WV,39.2954,-78.6378,5734
Citra,FL,29.4119,-82.1098,5732
Loudon,TN,35.7328,-84.3338,5731
South Apopka,FL,28.6619,-81.5095,5728
Mount Carmel,PA,40.797,-76.4119,5728
Center,TX,31.5107,-96.4247,5727
Hutchins,TX,32.6493,-96.713,5727
Hillsboro,IL,39.1613,-89.4954,5726
White Rock,NM,35.8275,-106.2039,5725
Gulf Park Estates,MS,30.3919,-88.7611,5719
Petoskey,MI,45.3733,-84.9553,5719
Cumming,GA,34.2073,-84.1402,5718
Palmview,TX,26.2334,-98.3709,5715
South Tucson,AZ,32.1995,-110.9684,5715
Belmar,NJ,40.1784,-74.0218,5712
Spring Grove,IL,42.4436,-88.2365,5711
Rupert,ID,42.6191,-113.6772,5705
Waynesboro,GA,33.0899,-82.0157,5704
Sharon Hill,PA,39.9065,-75.2716,5702
Spencer,MA,42.244,-71.9923,5700
Ocean Shores,WA,46.9737,-124.1563,5699
Penn Wynne,PA,39.9862,-75.2755,5697
Belle Fourche,SD,44.6714,-103.8521,5696
Forest,MS,32.3646,-89.4742,5695
Willow Springs,IL,41.7409,-87.8603,5695
Wilmington,IL,41.3078,-88.1467,5694
Bright,IN,39.2184,-84.8561,5693
New Carlisle,OH,39.9362,-84.0255,5693
Lindale,TX,32.5157,-95.4094,5692
Blauvelt,NY,41.0634,-73.9576,5689
South Gate Ridge,FL,27.2864,-82.4968,5688
Kingston Estates,NJ,39.9237,-74.9879,5685
Tenleytown,DC,38.9496,-77.0858,5684
Moores Mill,AL,34.844,-86.5183,5682
Barnhart,MO,38.3442,-90.3935,5682
Deer Park,OH,39.2053,-84.3947,5682
Marlin,TX,31.3063,-96.898,5682
West Modesto,CA,37.6175,-121.0391,5682
Nazareth,PA,40.7404,-75.3096,5681
Lebanon,KY,37.5698,-85.2527,5680
Oreland,PA,40.1184,-75.1777,5678
Edgemoor,DE,39.7501,-75.4996,5677
Hopkinton,NH,43.1915,-71.6753,5676
Corona de Tucson,AZ,31.9654,-110.7756,5675
Lake Bluff,IL,42.2789,-87.8342,5674
Wailea-Makena,HI,20.6626,-156.4274,5671
Douglass Hills,KY,38.2379,-85.5527,5669
West Rancho Dominguez,CA,33.8939,-118.2706,5669
Snowflake,AZ,34.5134,-110.0785,5666
Fountainhead-Orchard Hills,MD,39.6864,-77.719,5666
Carlinville,IL,39.2798,-89.8818,5665
Briar,TX,32.9951,-97.5428,5665
Westville,IN,41.5414,-86.9006,5662
Richland,NY,43.5695,-76.0477,5661
Barberton,WA,45.6932,-122.599,5661
Covington,VA,37.7935,-79.9939,5658
Sharon,MA,42.1237,-71.1787,5658
Buckhannon,WV,38.994,-80.232,5657
Gardnerville,NV,38.9413,-119.7496,5656
Mena,AR,34.5862,-94.2397,5653
Morristown,VT,44.5573,-72.6237,5653
Pevely,MO,38.2834,-90.3951,5652
Rib Mountain,WI,44.9128,-89.6754,5651
Hingham,MA,42.2418,-70.8898,5650
Monaca,PA,40.6873,-80.2715,5649
Highland,NY,41.7209,-73.9601,5647
Vinita,OK,36.6387,-95.1541,5643
Ashburnham,MA,42.6362,-71.9078,5643
Coldstream Homestead Montebello,MD,39.3229,-76.5955,5638
Pontoon Beach,IL,38.7317,-90.0804,5637
Bath,NY,42.337,-77.3178,5635
Tequesta,FL,26.959,-80.088,5629
Ashton-Sandy Spring,MD,39.1498,-77.005,5628
Indian Hills,NV,39.086,-119.7841,5627
Zeeland,MI,42.8125,-86.0186,5626
Foxborough,MA,42.0654,-71.2478,5625
Lakeview,NY,42.432,-75.8655,5625
Pawcatuck,CT,41.3773,-71.8337,5624
Silver Lakes,CA,34.7456,-117.341,5623
Marlow Heights,MD,38.8334,-76.9516,5618
Long Beach,NC,33.9104,-78.1178,5618
Rusk,TX,31.796,-95.1502,5618
Sterling,AK,60.5372,-150.7647,5617
Lakeview,NY,40.682,-73.654,5615
Big Stone Gap,VA,36.8818,-82.7471,5614
Potomac Mills,VA,38.6459,-77.2942,5614
Snyderville,UT,40.6944,-111.5438,5612
Loch Raven,MD,39.3614,-76.5818,5611
Bellaire,NY,40.714,-73.754,5610
Dresher,PA,40.1409,-75.1668,5610
Rockdale,TX,30.6555,-97.0014,5609
Okeechobee,FL,27.2439,-80.8298,5608
Pana,IL,39.3889,-89.0801,5607
Atlanta,TX,33.1137,-94.1643,5605
Keyes,CA,37.5566,-120.9155,5601
Finderne,NJ,40.5632,-74.5777,5600
Silver Lake,NC,34.1488,-77.9136,5598
Gardiner,ME,44.2301,-69.7753,5597
Exeter,PA,41.3206,-75.8191,5596
Richmond,MO,39.2786,-93.9769,5595
Union Beach,NJ,40.4465,-74.1782,5595
Pelham Manor,NY,40.8954,-73.8071,5594
Milton,WI,42.7756,-88.944,5593
West Hills,NY,40.8162,-73.4323,5592
Kensington,PA,39.986,-75.1318,5590
Breckenridge,TX,32.7557,-98.9023,5590
Coraopolis,PA,40.5184,-80.1667,5590
Whiteville,NC,34.3388,-78.7031,5589
Woods Creek,WA,47.8787,-121.8985,5589
Salamanca,NY,42.1578,-78.715,5586
Gray,LA,29.6977,-90.7865,5584
Wadesboro,NC,34.9682,-80.0767,5584
West Samoset,FL,27.4695,-82.5568,5583
Three Points,AZ,32.0767,-111.3137,5581
Hidden Valley Lake,CA,38.808,-122.5583,5579
Ala Moana,HI,21.292,-157.8428,5579
Combee Settlement,FL,28.0584,-81.9054,5577
Alma,AR,35.4779,-94.2219,5575
Weldon Spring,MO,38.7134,-90.6893,5575
Palmview South,TX,26.2156,-98.3786,5575
Paoli,PA,40.0421,-75.4763,5575
Jan-Phyl Village,FL,28.0147,-81.7717,5573
Falcon Heights,MN,44.9916,-93.1663,5571
Greenwood,MO,38.8517,-94.3438,5569
Wayne,NE,42.2306,-97.0178,5569
Swartz Creek,MI,42.9573,-83.8305,5567
Greenacres,CA,35.3833,-119.1098,5566
Crozet,VA,38.0696,-78.7006,5565
Newberry,FL,29.6464,-82.6065,5564
Naples Manor,FL,26.0887,-81.7262,5562
Fussels Corner,FL,28.0542,-81.8606,5561
Holdrege,NE,40.4403,-99.3698,5561
Woodside,CA,37.4299,-122.2539,5561
Nephi,UT,39.7102,-111.8363,5560
Lake Fenton,MI,42.8461,-83.7077,5559
Shippensburg,PA,40.0506,-77.5203,5559
Kenosha Streetcar,WI,42.5869,-87.8102,5555
Corcoran,MN,45.0952,-93.5475,5552
Wappingers Falls,NY,41.5965,-73.911,5552
Gateway,AK,61.5728,-149.2408,5552
Ocean City,FL,30.441,-86.6136,5550
Brady,TX,31.1352,-99.3351,5549
Helena,AR,34.5296,-90.5918,5548
Bessemer City,NC,35.2849,-81.284,5548
Eastham,MA,41.8301,-69.9739,5548
Nurillo,TX,26.267,-98.1214,5547
Marbletown,NY,41.8834,-74.1132,5544
Alton North (historical),TX,26.2953,-98.3045,5541
Grissom Air Force Base,IN,40.6575,-86.1475,5537
Duquesne,PA,40.3815,-79.8598,5535
Webster,NY,43.2123,-77.43,5534
Marksville,LA,31.128,-92.0662,5533
Litchfield Park,AZ,33.4934,-112.3579,5533
Morris Plains,NJ,40.8218,-74.481,5532
Edgerton,WI,42.8353,-89.0676,5532
Waipi'o Acres,HI,21.4648,-158.0133,5531
Paola,KS,38.5722,-94.8791,5527
Jeanerette,LA,29.911,-91.6634,5527
Old Bethpage,NY,40.7626,-73.4532,5523
West Loch Estates,HI,21.3724,-158.0242,5523
Lake Forest,FL,25.9776,-80.1831,5522
Glencoe,MN,44.7691,-94.1516,5521
Hamlin,NY,43.3031,-77.9211,5521
Minot Air Force Base,ND,48.4209,-101.3391,5521
Rochelle Park,NJ,40.9073,-74.0751,5518
Durham,CA,39.6463,-121.8,5518
Hightstown,NJ,40.2696,-74.5232,5517
Anthony,TX,31.9993,-106.6055,5517
West Side Highway,WA,46.184,-122.9172,5517
Adams,MA,42.6243,-73.1176,5515
Fairview,NY,41.7237,-73.9199,5515
Mayflower Village,CA,34.115,-118.0098,5515
Homer,AK,59.6425,-151.5494,5515
Crystal Lake,FL,28.0356,-81.9084,5514
Fellsmere,FL,27.7678,-80.6014,5514
Waterville,OH,41.5009,-83.7183,5514
Century City,CA,34.0556,-118.4179,5513
West Bountiful,UT,40.8938,-111.9019,5511
Monticello,IL,40.0278,-88.5734,5509
Williamston,NC,35.8546,-77.0555,5508
Centerport,NY,40.8854,-73.3762,5508
Harris Hill,NY,42.9648,-78.6775,5508
Richlands,VA,37.0932,-81.7937,5504
Germantown,OH,39.6262,-84.3694,5503
Pass Christian,MS,30.3158,-89.2475,5498
Wyndmoor,PA,40.0812,-75.1893,5498
Harrisburg,SD,43.4314,-96.6973,5498
Mount Vernon,MD,39.2976,-76.6158,5497
Emporia,VA,36.686,-77.5425,5496
Lyndon,VT,44.5142,-72.0109,5496
Wellston,OH,39.1234,-82.5329,5494
Elverta,CA,38.7138,-121.4627,5492
Glendive,MT,47.1053,-104.7125,5490
Coal City,IL,41.2878,-88.2856,5489
Rancho Murieta,CA,38.5018,-121.0947,5488
Fort Myers Shores,FL,26.7092,-81.7459,5487
Canal Fulton,OH,40.8898,-81.5976,5487
'Aiea Heights,HI,21.3908,-157.9205,5487
Chester,SC,34.7049,-81.2143,5486
Saint Clair,MI,42.8209,-82.486,5485
Northfield,IL,42.0998,-87.7809,5484
Lake Murray of Richland,SC,34.1205,-81.2645,5484
Southampton,MA,42.2293,-72.7301,5481
Robbins,IL,41.6439,-87.7037,5480
Lake Alfred,FL,28.092,-81.7234,5475
"VA Boston Healthcare System, Brockton Campus",MA,42.3664,-71.059,5474
Mascotte,FL,28.5783,-81.8868,5473
Red Oak,IA,41.0097,-95.2255,5472
Hawkinsville,GA,32.2838,-83.4721,5471
Wake Village,TX,33.4268,-94.1063,5471
Iola,KS,37.9245,-95.4,5470
Algona,IA,43.07,-94.233,5470
Turner,ME,44.2565,-70.2562,5470
Anamosa,IA,42.1083,-91.2852,5469
Northwood,OH,40.4728,-83.7324,5469
Cumberland,IN,39.7762,-85.9572,5467
El Granada,CA,37.5027,-122.4694,5467
Salida,CO,38.5347,-105.9989,5467
Isanti,MN,45.4902,-93.2477,5464
Vail,CO,39.6403,-106.3742,5461
Nashville,NC,35.9746,-77.9655,5460
Somerdale,NJ,39.844,-75.0227,5460
Cameron,TX,30.8532,-96.9769,5460
Brush,CO,40.2589,-103.6238,5459
Centerport,NY,43.0409,-76.5927,5457
Chamberlayne,VA,37.6265,-77.4286,5456
Comstock Northwest,MI,42.3218,-85.5176,5455
Willard,MO,37.3051,-93.4285,5454
La Habra Heights,CA,33.9609,-117.9506,5454
Waimanalo,HI,21.3461,-157.7238,5451
Lebanon,ME,43.3945,-70.8509,5446
Fort Washington,PA,40.1418,-75.2091,5446
Los Chavez,NM,34.7257,-106.7573,5446
Connell,WA,46.6635,-118.8611,5446
North Hills,NY,40.7809,-73.6765,5444
Stroudsburg,PA,40.9868,-75.1946,5444
Batesburg-Leesville,SC,33.9101,-81.5373,5441
Williamson,AZ,34.69,-112.541,5438
Patterson Park Neighborhood,MD,39.2927,-76.5747,5438
Academy Garden,PA,40.0618,-74.9963,5437
Macon,MO,39.7423,-92.4727,5436
Brewton,AL,31.1052,-87.0722,5434
Dayton,KY,39.1128,-84.4727,5433
New Holland,PA,40.1018,-76.0852,5430
Glasgow Village,MO,38.7537,-90.1984,5429
Mount Carmel,TN,36.5454,-82.661,5425
Rockwood,TN,35.8656,-84.6849,5425
Sayre,PA,41.979,-76.5155,5424
Berlin,WI,43.968,-88.9434,5420
Clarinda,IA,40.7398,-95.038,5418
South Hooksett,NH,43.0265,-71.4353,5418
Colby,KS,39.3958,-101.0524,5417
Manchester,WA,47.5557,-122.5451,5413
Paxtonia,PA,40.3173,-76.7944,5412
Sherwood Manor,CT,42.0134,-72.5643,5410
Manchester,MD,39.6612,-76.885,5408
White City,UT,40.5658,-111.8644,5407
Winfield,IN,41.4053,-87.2753,5406
Uhrichsville,OH,40.3931,-81.3465,5404
Englewood Cliffs,NJ,40.8854,-73.9524,5403
Basehor,KS,39.1417,-94.9386,5402
Brownsfield,LA,30.5466,-91.1207,5401
Diboll,TX,31.1871,-94.781,5400
Eastwick,PA,39.8904,-75.2424,5398
Starke,FL,29.9441,-82.1098,5397
Aberdeen,MS,33.8251,-88.5437,5397
Goshen,NY,41.402,-74.3243,5397
Strawberry,CA,37.8969,-122.5089,5393
Winston,OR,43.1223,-123.4126,5393
Progress Village,FL,27.9003,-82.3645,5392
Lochbuie,CO,40.0072,-104.7161,5390
New Gloucester,ME,43.9629,-70.2826,5389
Islip Terrace,NY,40.7431,-73.1926,5389
Titusville,PA,41.627,-79.6737,5389
Bowling Green,MO,39.342,-91.1951,5388
Hidden Valley,IN,39.1623,-84.843,5387
Terryville,CT,41.6782,-73.0109,5387
Huntertown,IN,41.2284,-85.1725,5387
Timber Pines,FL,28.4703,-82.6032,5386
Pinckneyville,IL,38.0803,-89.382,5385
Oxford,PA,39.7854,-75.9788,5385
Fox Chapel,PA,40.5134,-79.8798,5383
New Castle,DE,39.6595,-75.5636,5382
Palermo,CA,39.4354,-121.538,5382
Suncook,NH,43.1306,-71.4531,5379
Mendon,MA,42.1056,-71.5523,5378
Eureka,IL,40.7214,-89.2729,5377
Perezville,TX,26.2245,-98.4006,5376
Ballston Spa,NY,43.0009,-73.849,5375
Waynesville,MO,37.8287,-92.2007,5374
Centerville,IA,40.7342,-92.8741,5372
Summit,AZ,32.067,-110.9515,5372
Worland,WY,44.0169,-107.9554,5372
Berryville,AR,36.3648,-93.568,5371
Manchester-by-the-Sea,MA,42.5779,-70.7689,5366
Stapleton,NY,40.6265,-74.0776,5365
Old Fig Garden,CA,36.7989,-119.8051,5365
Waldon,CA,37.9263,-122.0555,5364
Contra Costa Centre,CA,37.9275,-122.0579,5364
Media,PA,39.9168,-75.3877,5363
Wilton,CA,38.4119,-121.2722,5363
Dowsett Highlands,HI,21.3374,-157.8338,5360
Waterford,WI,42.7631,-88.2143,5358
Ripley,MS,34.7298,-88.9506,5357
Tyrone,PA,40.6706,-78.2386,5353
Highwood,IL,42.1998,-87.8092,5352
Morris,MN,45.5861,-95.9139,5352
Fairport,NY,43.0987,-77.4419,5351
Zimmerman,MN,45.4433,-93.59,5350
Northwood,OH,41.6073,-83.4688,5350
Post,TX,33.1912,-101.379,5349
Wind Lake,WI,42.8295,-88.1587,5342
Hazard,KY,37.2495,-83.1932,5341
Cave Creek,AZ,33.8333,-111.9508,5341
Stokesdale,NC,36.2371,-79.9795,5340
Cape May Court House,NJ,39.0826,-74.8238,5338
Nassau Village-Ratliff,FL,30.5111,-81.8093,5337
Manitou Springs,CO,38.8597,-104.9172,5334
Watertown Square,MA,42.3653,-71.1846,5331
Dacula,GA,33.9887,-83.898,5330
Calistoga,CA,38.5788,-122.5797,5330
Rothschild,WI,44.8872,-89.6201,5329
Byron,MN,44.0327,-92.6455,5328
Pumphrey,MD,39.2173,-76.6372,5322
Monticello,IN,40.7453,-86.7647,5322
Yarmouth Port,MA,41.702,-70.2495,5320
Savin Hill,MA,42.3126,-71.0578,5318
Weiser,ID,44.251,-116.9693,5317
Adel,GA,31.1373,-83.4241,5316
Spring Valley,IL,41.3275,-89.1998,5314
Poland,ME,44.0606,-70.3937,5314
Lehighton,PA,40.8337,-75.7138,5314
Eucalyptus Hills,CA,32.8798,-116.9467,5313
South Gastonia,NC,35.2193,-81.2056,5312
New Hempstead,NY,41.1498,-74.0337,5312
Palmerton,PA,40.8014,-75.6119,5305
Cross Country,MD,39.3661,-76.698,5305
Edgewater,CO,39.753,-105.0641,5302
Hardeeville,SC,32.2871,-81.0807,5301
Smiths Station,AL,32.5401,-85.0986,5300
Mount Arlington,NJ,40.9259,-74.6349,5300
Carpenter,PA,40.0523,-75.2002,5300
East Kapolei,HI,21.3586,-158.0513,5299
Mount Carmel,TN,35.4978,-88.0078,5298
Newmarket,NH,43.0829,-70.9351,5297
Greenbrier,AR,35.234,-92.3876,5296
McKenzie,TN,36.1326,-88.5187,5296
Silver Springs,NV,39.4155,-119.2246,5296
Pecan Plantation,TX,32.3604,-97.6756,5294
Williamsburg,KY,36.7434,-84.1597,5293
Hartsdale,NY,41.019,-73.7982,5293
Jonesborough,TN,36.2943,-82.4735,5291
Asbury,IA,42.5144,-90.7515,5291
Indian Wells,CA,33.7179,-116.3431,5289
Centerville,SC,32.9957,-80.1704,5288
Cahaba Heights,AL,33.464,-86.7319,5287
Terrell Hills,TX,29.4749,-98.4509,5287
Collegeville,PA,40.1857,-75.4516,5287
Boulevard Park,WA,47.513,-122.317,5287
Eastman,GA,32.1977,-83.1776,5285
Linton,IN,39.0348,-87.1659,5284
New Ipswich,NH,42.7481,-71.8542,5283
South Haven,IN,41.542,-87.1373,5282
Warrenton,OR,46.1651,-123.9238,5282
Harvest,AL,34.8556,-86.7508,5281
Harpswell Center,ME,43.8017,-69.9842,5281
Bliss Corner,MA,41.6118,-70.9384,5280
Bluefield,VA,37.2526,-81.2712,5279
Saint Paul Park,MN,44.8422,-92.9913,5279
Walterboro,SC,32.9052,-80.6668,5278
Bellevue,MA,42.2876,-71.1453,5277
Rye,NH,43.0134,-70.7709,5277
Big Flats,NY,42.1373,-76.9369,5277
Zephyrhills South,FL,28.2149,-82.1887,5276
Saranac Lake,NY,44.3295,-74.1313,5274
Creve Coeur,IL,40.6473,-89.5912,5272
Turtle Creek,PA,40.4059,-79.8251,5272
Schlusser,PA,40.2418,-77.1769,5265
Shillington,PA,40.3079,-75.9655,5265
Ivy City,DC,38.9112,-76.9847,5264
Reservoir Hill,MD,39.3136,-76.6332,5263
Hampden,MA,42.064,-72.4134,5261
West Clarkston-Highland,WA,46.4029,-117.064,5261
Delhi Hills,OH,39.0928,-84.6127,5259
Carlisle,OH,39.582,-84.3202,5259
Fairfield,IL,42.2192,-88.0615,5255
Williamsville,NY,42.9639,-78.7378,5254
Palm Springs North,FL,25.9351,-80.3338,5253
Glenwood,IA,41.0469,-95.7425,5253
East Moriches,NY,40.8051,-72.7609,5249
Tonganoxie,KS,39.1097,-95.0877,5248
Woodstock,VA,38.8818,-78.5058,5248
Keyser,WV,39.4409,-78.9739,5248
Folkston,GA,30.831,-82.0113,5247
Grove Hall,MA,42.3112,-71.0745,5245
Scituate,MA,42.1959,-70.7259,5245
Forked River,NJ,39.8398,-74.1901,5244
Dove Valley,CO,39.5777,-104.8294,5243
Pea Ridge,AR,36.454,-94.1152,5242
De Witt,IA,41.8234,-90.5382,5242
Chester,NH,42.9567,-71.2573,5236
Moab,UT,38.5733,-109.5498,5235
Sunset Beach-Pupukea,HI,21.6622,-158.0541,5235
Tracyton,WA,47.609,-122.6551,5233
Grosse Pointe,MI,42.3862,-82.9119,5232
Paulden,AZ,34.8856,-112.4682,5231
Schuylkill Haven,PA,40.6307,-76.171,5228
Evansville,WI,42.7803,-89.2993,5228
Eaton Rapids,MI,42.5092,-84.6558,5225
Hugo,OK,34.0107,-95.5097,5224
Midfield,AL,33.4615,-86.9089,5222
River Park,FL,27.3142,-80.3473,5222
Crossett,AR,33.1282,-91.9612,5220
Hoopeston,IL,40.4673,-87.6684,5220
Pine Island Ridge,FL,26.0948,-80.2739,5218
Concordia,KS,39.5708,-97.6625,5218
New Martinsville,WV,39.6445,-80.8576,5218
Floral City,FL,28.75,-82.2968,5217
Dumfries,VA,38.5676,-77.328,5217
Montevideo,MN,44.948,-95.717,5217
Fruitland,MD,38.3221,-75.6202,5215
Kennebunk,ME,43.384,-70.5448,5214
Lone Grove,OK,34.1754,-97.2628,5213
Marion,MA,41.7001,-70.7628,5213
Big Bear Lake,CA,34.2439,-116.9114,5213
Preston,ID,42.0963,-111.8766,5212
Center,TX,31.7954,-94.1791,5211
Oak Park,IN,38.3056,-85.6963,5209
Grambling,LA,32.5277,-92.714,5209
Slinger,WI,43.3336,-88.2862,5208
Bisbee,AZ,31.4481,-109.9284,5208
Chelsea,MI,42.3181,-84.0218,5205
Berkeley,IL,41.8889,-87.9034,5203
Bangor,PA,40.8657,-75.2066,5203
Grandwood Park,IL,42.3931,-87.9867,5202
Saranap,CA,37.8849,-122.0761,5202
Poolesville,MD,39.1459,-77.4169,5201
Hutchinson Island South,FL,27.2995,-80.2204,5201
Camp Pendleton North,CA,33.3147,-117.316,5200
Creswell,OR,43.9179,-123.0245,5199
Rockingham,VT,43.1876,-72.489,5198
Glendale,CO,39.705,-104.9336,5198
Nelsonville,OH,39.4587,-82.2318,5197
Coolidge Corner,MA,42.3459,-71.1245,5197
Orchard Homes,MT,46.8633,-114.0484,5197
Hilmar-Irwin,CA,37.4045,-120.8504,5197
Genoa,IL,42.0973,-88.6929,5196
Williams,CA,39.1546,-122.1494,5196
South Highpoint,FL,27.917,-82.7129,5195
Iowa Falls,IA,42.5225,-93.2513,5195
Mont Belvieu,TX,29.8477,-94.8908,5193
Springfield,MI,42.3264,-85.2392,5192
Abbeville,SC,34.1782,-82.379,5191
Kayenta,AZ,36.7278,-110.2546,5189
Wailua Homesteads,HI,22.0724,-159.3768,5188
Gilmer,TX,32.7287,-94.9424,5187
Prairie Grove,AR,35.9759,-94.3177,5186
Muleshoe,TX,34.2265,-102.7238,5185
Saint Clairsville,OH,40.0806,-80.9001,5184
Sunset,UT,41.1363,-112.031,5183
Albertson,NY,40.7734,-73.6432,5182
White Hall,AR,34.274,-92.091,5180
Alva,OK,36.805,-98.6672,5180
Odessa,MO,38.9992,-93.9536,5178
Chackbay,LA,29.8835,-90.7973,5177
Montrose-Ghent,OH,41.1538,-81.6438,5177
Winterset,IA,41.3308,-94.0138,5176
Monticello,LA,30.4891,-91.0487,5172
Livingston,TX,30.711,-94.933,5172
Bear Valley Springs,CA,35.1591,-118.6284,5172
Brookhaven,WV,39.6118,-79.9045,5171
Layhill,MD,39.0923,-77.0444,5169
Mechanicville,NY,42.9029,-73.6873,5169
Central,SC,34.7243,-82.7812,5167
Pauoa,HI,21.3208,-157.8384,5165
Mount Pleasant,PA,40.0601,-75.183,5163
Northumberland,NY,43.1273,-73.5882,5159
Birdsboro,PA,40.2645,-75.8041,5159
Flat River,MO,37.8501,-90.5168,5157
Glencoe,AL,33.957,-85.9325,5153
Sunnyslope,CA,34.012,-117.4334,5153
Bret Harte,CA,37.6021,-121.0052,5152
Pennsylvania Avenue SE,DC,38.8682,-76.958,5151
Mocksville,NC,35.894,-80.5614,5151
Lakehills,TX,29.6047,-98.9431,5150
Wildwood,NJ,38.9918,-74.8149,5149
Grafton,WV,39.3409,-80.019,5148
Vinton,IA,42.1686,-92.0235,5148
Chardon,OH,41.6142,-81.149,5148
Stansbury park,UT,40.6377,-112.2961,5145
Tipton,IN,40.2823,-86.0411,5144
Daleville,AL,31.3102,-85.713,5141
Poplar Grove,IL,42.3683,-88.8221,5139
Maplewood,WA,47.4018,-122.5571,5138
Tichigan,WI,42.8289,-88.1976,5133
Kaser,NY,41.1212,-74.0671,5131
Kings Point,NY,40.8198,-73.7351,5131
Port Allen,LA,30.4521,-91.2101,5130
Wheatley Heights,NY,40.7637,-73.3698,5130
Pupukea,HI,21.6546,-158.0607,5130
Robinson Heights,HI,21.3828,-158.0286,5128
Bowie,TX,33.559,-97.8487,5126
Tara Hills,CA,37.9935,-122.3164,5126
Dos Palos,CA,36.9861,-120.6266,5125
Homestead Meadows North,TX,31.8496,-106.1728,5124
Farrington,HI,21.3322,-157.8706,5124
Milton Village,MA,42.2668,-71.0717,5123
New Haven,MI,43.0936,-84.1533,5123
Brookshire,TX,29.7861,-95.9511,5120
Sugarcreek,PA,41.4215,-79.8812,5120
Carmi,IL,38.0909,-88.1586,5119
Shaw Heights,CO,39.8525,-105.0431,5116
Olyphant,PA,41.4684,-75.603,5111
Savannah,MO,39.9417,-94.8303,5108
Dunlap,TN,35.3715,-85.3905,5108
Briar Chapel,NC,35.8242,-79.1169,5108
Byron,GA,32.6538,-83.7596,5105
Sawmills,NC,35.8248,-81.4745,5104
Pound Ridge,NY,41.2087,-73.5748,5104
Piedmont,SC,34.7023,-82.4646,5103
South Bay,FL,26.664,-80.7162,5101
Colona,IL,41.4839,-90.3532,5100
El Cerrito Corona,CA,33.8406,-117.5228,5100
Turpin Hills,OH,39.1101,-84.3799,5099
Springhill,LA,33.006,-93.4668,5097
Perry,OK,36.2895,-97.2881,5097
Sulphur,OK,34.5079,-96.9684,5097
Sunbury,OH,40.2426,-82.8591,5097
Sparta,TN,35.9259,-85.4641,5096
Milan,IL,41.4531,-90.5721,5096
Dayton,MN,45.2439,-93.515,5096
Chestertown,MD,39.209,-76.0666,5093
Bolivar,TN,35.2562,-88.9878,5093
Columbia Falls,MT,48.3725,-114.1815,5093
Bridgeville,PA,40.3562,-80.1101,5092
Wahneta,FL,27.9528,-81.727,5091
Doffing,TX,26.2745,-98.3859,5091
Camilla,GA,31.2313,-84.2105,5089
Zapata,TX,26.9073,-99.2714,5089
Auburn,NH,43.0045,-71.3484,5089
Enchanted Lake,HI,21.3807,-157.7364,5089
Sheldon,IA,43.1811,-95.8561,5088
Fruitland,ID,44.0077,-116.9166,5087
Glennville,GA,31.9366,-81.9284,5086
Summerside,OH,39.1048,-84.2883,5083
Monee,IL,41.42,-87.7417,5082
Buellton,CA,34.6136,-120.1927,5082
South Pasadena,FL,27.755,-82.7376,5081
North Scituate,MA,42.219,-70.7856,5077
Kensington,CA,37.9105,-122.2802,5077
Deschutes River Woods,OR,43.9915,-121.3584,5077
Boiling Springs,SC,33.1352,-81.4312,5076
Lake Norman of Catawba,NC,35.5868,-80.9595,5075
Manchester,IA,42.4841,-91.4554,5073
Paris,ME,44.2598,-70.5006,5073
Kenneth City,FL,27.8156,-82.7201,5072
Granite Shoals,TX,30.5891,-98.3839,5071
Allegan,MI,42.5292,-85.8553,5071
Watseka,IL,40.7762,-87.7364,5070
Cold Spring Harbor,NY,40.8715,-73.4568,5070
New Burlington,OH,39.2595,-84.5572,5069
Kingsford,MI,45.795,-88.0721,5069
North Harford Road,MD,39.3662,-76.5461,5069
Wapato,WA,46.4476,-120.4203,5068
Berlin,MD,38.3226,-75.2177,5065
Giddings,TX,30.1827,-96.9364,5064
McGregor,TX,31.4441,-97.4092,5064
Fort Pierce South,FL,27.4096,-80.3548,5062
Warm Mineral Springs,FL,27.0598,-82.2601,5061
Redwood Falls,MN,44.5394,-95.1169,5061
Apple Valley,OH,40.4389,-82.3539,5058
Fells Point,MD,39.2826,-76.5933,5057
Howard Park,MD,39.3312,-76.6947,5057
Punahou,HI,21.3002,-157.827,5057
Blaine,WA,48.9937,-122.7471,5056
Ayden,NC,35.4727,-77.4155,5053
Hampton,MD,39.4229,-76.5847,5052
Eagleton Village,TN,35.7951,-83.9318,5052
Shanor-Northvue,PA,40.9104,-79.9156,5051
Demarest,NJ,40.9573,-73.9635,5050
Northfield,NH,43.4331,-71.5923,5049
Alexandria,IN,40.2628,-85.6758,5047
Samsula-Spruce Creek,FL,29.0493,-81.0619,5047
Childersburg,AL,33.2782,-86.355,5046
Gretna,NE,41.1408,-96.2397,5046
Newton Corner,MA,42.3612,-71.1953,5042
Readville,MA,42.2404,-71.137,5041
Fairfield,IL,38.3789,-88.3598,5040
Morganville,NJ,40.3765,-74.2443,5040
Lemmon Valley,NV,39.636,-119.8432,5040
Forest Hills,TN,36.0684,-86.8442,5039
Mathis,TX,28.0945,-97.8281,5037
Waterloo,NY,42.9048,-76.8627,5036
Moultonborough,NH,43.7548,-71.3967,5034
Bolton Hill,MD,39.3078,-76.6257,5034
Thiells,NY,41.2107,-74.0176,5032
Vandergrift,PA,40.6028,-79.5648,5032
Rainsville,AL,34.4943,-85.8478,5031
Fairwood,MD,38.9567,-76.7777,5031
Cherokee,IA,42.7494,-95.5517,5030
Kutztown,PA,40.5173,-75.7774,5028
Centreville,IL,38.5834,-90.1251,5027
Lake City,MN,44.4497,-92.2682,5027
Frankenmuth,MI,43.3317,-83.738,5025
Sea Cliff,NY,40.849,-73.6449,5025
Tucumcari,NM,35.1719,-103.7269,5025
Robinwood,MD,38.9543,-76.5147,5024
Valparaiso,FL,30.5085,-86.5027,5023
Shenandoah,IA,40.7655,-95.3722,5021
Munroe Falls,OH,41.1445,-81.4398,5019
Holbrook,AZ,34.9023,-110.1582,5019
Staunton,IL,39.0123,-89.7912,5018
Spirit Lake,IA,43.4222,-95.1022,5018
Port Isabel,TX,26.0734,-97.2086,5016
Highland,MA,42.2854,-71.1567,5016
Penn Yan,NY,42.6609,-77.0539,5014
West Salem,WI,43.8991,-91.0812,5014
Richland Center,WI,43.3347,-90.3868,5013
Glen Willow,PA,40.0348,-75.2257,5012
Dellwood,MO,38.7495,-90.2857,5011
West Sayville,NY,40.7279,-73.0976,5011
Bryn Mawr,PA,40.304,-80.0867,5009
Conklin,NY,42.0342,-75.8038,5008
Saltillo,MS,34.3765,-88.6817,5004
Shady Hollow,TX,30.1649,-97.8622,5004
North Fond du Lac,WI,43.8114,-88.4834,5004
Harlan,IA,41.653,-95.3256,5002
Houlton,ME,46.1262,-67.8403,5002
Ironwood,MI,46.4547,-90.171,5002
Mendham,NJ,40.7759,-74.6007,5001
